address_1,city,zip
11405 10TH AVE,PUNTA GORDA,33955
11409 10TH AVE,PUNTA GORDA,33955
11417 10TH AVE,PUNTA GORDA,33955
11425 10TH AVE,PUNTA GORDA,33955
11433 10TH AVE,PUNTA GORDA,33955
11435 10TH AVE,PUNTA GORDA,33955
2430 10TH ST,ENGLEWOOD,34224
2440 10TH ST,ENGLEWOOD,34224
2445 10TH ST,ENGLEWOOD,34224
2460 10TH ST,ENGLEWOOD,34224
2465 10TH ST,ENGLEWOOD,34224
2470 10TH ST,ENGLEWOOD,34224
2475 10TH ST,ENGLEWOOD,34224
2480 10TH ST,ENGLEWOOD,34224
2485 10TH ST,ENGLEWOOD,34224
2490 10TH ST,ENGLEWOOD,34224
2495 10TH ST,ENGLEWOOD,34224
2500 10TH ST,ENGLEWOOD,34224
2501 10TH ST,ENGLEWOOD,34224
2510 10TH ST,ENGLEWOOD,34224
2515 10TH ST,ENGLEWOOD,34224
2535 10TH ST,ENGLEWOOD,34224
2540 10TH ST,ENGLEWOOD,34224
2550 10TH ST,ENGLEWOOD,34224
2552 10TH ST,ENGLEWOOD,34224
2555 10TH ST,ENGLEWOOD,34224
2575 10TH ST,ENGLEWOOD,34224
2601 10TH ST,ENGLEWOOD,34224
2620 10TH ST,ENGLEWOOD,34224
2621 10TH ST,ENGLEWOOD,34224
2640 10TH ST,ENGLEWOOD,34224
2641 10TH ST,ENGLEWOOD,34224
2661 10TH ST,ENGLEWOOD,34224
2662 10TH ST,ENGLEWOOD,34224
2690 10TH ST,ENGLEWOOD,34224
2702 10TH ST,ENGLEWOOD,34224
2720 10TH ST,ENGLEWOOD,34224
2721 10TH ST,ENGLEWOOD,34224
2740 10TH ST,ENGLEWOOD,34224
2770 10TH ST,ENGLEWOOD,34224
2801 10TH ST,ENGLEWOOD,34224
2802 10TH ST,ENGLEWOOD,34224
2810 10TH ST,ENGLEWOOD,34224
2811 10TH ST,ENGLEWOOD,34224
2820 10TH ST,ENGLEWOOD,34224
2821 10TH ST,ENGLEWOOD,34224
2830 10TH ST,ENGLEWOOD,34224
2831 10TH ST,ENGLEWOOD,34224
2840 10TH ST,ENGLEWOOD,34224
2850 10TH ST,ENGLEWOOD,34224
2851 10TH ST,ENGLEWOOD,34224
2857 10TH ST,ENGLEWOOD,34224
2860 10TH ST,ENGLEWOOD,34224
2861 10TH ST,ENGLEWOOD,34224
2870 10TH ST,ENGLEWOOD,34224
2871 10TH ST,ENGLEWOOD,34224
2880 10TH ST,ENGLEWOOD,34224
2881 10TH ST,ENGLEWOOD,34224
2900 10TH ST,ENGLEWOOD,34224
2910 10TH ST,ENGLEWOOD,34224
2960 10TH ST,ENGLEWOOD,34224
3120 10TH ST,ENGLEWOOD,34224
3121 10TH ST,ENGLEWOOD,34224
3141 10TH ST,ENGLEWOOD,34224
3150 10TH ST,ENGLEWOOD,34224
3151 10TH ST,ENGLEWOOD,34224
3160 10TH ST,ENGLEWOOD,34224
3161 10TH ST,ENGLEWOOD,34224
3170 10TH ST,ENGLEWOOD,34224
3171 10TH ST,ENGLEWOOD,34224
3180 10TH ST,ENGLEWOOD,34224
3181 10TH ST,ENGLEWOOD,34224
3210 10TH ST,ENGLEWOOD,34224
3230 10TH ST,ENGLEWOOD,34224
2415 11TH ST,ENGLEWOOD,34224
2422 11TH ST,ENGLEWOOD,34224
2425 11TH ST,ENGLEWOOD,34224
2437 11TH ST,ENGLEWOOD,34224
2440 11TH ST,ENGLEWOOD,34224
2442 11TH ST,ENGLEWOOD,34224
2444 11TH ST,ENGLEWOOD,34224
2445 11TH ST,ENGLEWOOD,34224
2448 11TH ST,ENGLEWOOD,34224
2449 11TH ST,ENGLEWOOD,34224
2451 11TH ST,ENGLEWOOD,34224
2470 11TH ST,ENGLEWOOD,34224
2490 11TH ST,ENGLEWOOD,34224
2500 11TH ST,ENGLEWOOD,34224
2510 11TH ST,ENGLEWOOD,34224
2515 11TH ST,ENGLEWOOD,34224
2525 11TH ST,ENGLEWOOD,34224
2555 11TH ST,ENGLEWOOD,34224
2556 11TH ST,ENGLEWOOD,34224
2575 11TH ST,ENGLEWOOD,34224
2576 11TH ST,ENGLEWOOD,34224
2802 11TH ST,ENGLEWOOD,34224
2810 11TH ST,ENGLEWOOD,34224
2820 11TH ST,ENGLEWOOD,34224
2830 11TH ST,ENGLEWOOD,34224
2831 11TH ST,ENGLEWOOD,34224
2850 11TH ST,ENGLEWOOD,34224
2851 11TH ST,ENGLEWOOD,34224
2860 11TH ST,ENGLEWOOD,34224
2861 11TH ST,ENGLEWOOD,34224
2870 11TH ST,ENGLEWOOD,34224
2871 11TH ST,ENGLEWOOD,34224
2550 12TH ST,ENGLEWOOD,34224
2551 12TH ST,ENGLEWOOD,34224
2555 12TH ST,ENGLEWOOD,34224
2620 12TH ST,ENGLEWOOD,34224
2621 12TH ST,ENGLEWOOD,34224
2661 12TH ST,ENGLEWOOD,34224
2670 12TH ST,ENGLEWOOD,34224
2671 12TH ST,ENGLEWOOD,34224
2720 12TH ST,ENGLEWOOD,34224
2721 12TH ST,ENGLEWOOD,34224
2761 12TH ST,ENGLEWOOD,34224
2771 12TH ST,ENGLEWOOD,34224
2781 12TH ST,ENGLEWOOD,34224
2787 12TH ST,ENGLEWOOD,34224
2790 12TH ST,ENGLEWOOD,34224
2791 12TH ST,ENGLEWOOD,34224
2801 12TH ST,ENGLEWOOD,34224
2802 12TH ST,ENGLEWOOD,34224
2810 12TH ST,ENGLEWOOD,34224
2811 12TH ST,ENGLEWOOD,34224
2820 12TH ST,ENGLEWOOD,34224
2832 12TH ST,ENGLEWOOD,34224
2850 12TH ST,ENGLEWOOD,34224
2860 12TH ST,ENGLEWOOD,34224
2861 12TH ST,ENGLEWOOD,34224
2871 12TH ST,ENGLEWOOD,34224
2810 13TH ST,ENGLEWOOD,34224
2820 13TH ST,ENGLEWOOD,34224
2850 13TH ST,ENGLEWOOD,34224
2851 13TH ST,ENGLEWOOD,34224
2860 13TH ST,ENGLEWOOD,34224
2861 13TH ST,ENGLEWOOD,34224
2870 13TH ST,ENGLEWOOD,34224
2871 13TH ST,ENGLEWOOD,34224
11065 1ST AVE,PUNTA GORDA,33955
11066 1ST AVE,PUNTA GORDA,33955
11077 1ST AVE,PUNTA GORDA,33955
11078 1ST AVE,PUNTA GORDA,33955
11086 1ST AVE,PUNTA GORDA,33955
11102 1ST AVE,PUNTA GORDA,33955
11109 1ST AVE,PUNTA GORDA,33955
11110 1ST AVE,PUNTA GORDA,33955
11114 1ST AVE,PUNTA GORDA,33955
11117 1ST AVE,PUNTA GORDA,33955
11125 1ST AVE,PUNTA GORDA,33955
11126 1ST AVE,PUNTA GORDA,33955
11133 1ST AVE,PUNTA GORDA,33955
11134 1ST AVE,PUNTA GORDA,33955
11141 1ST AVE,PUNTA GORDA,33955
11142 1ST AVE,PUNTA GORDA,33955
11149 1ST AVE,PUNTA GORDA,33955
11154 1ST AVE,PUNTA GORDA,33955
11157 1ST AVE,PUNTA GORDA,33955
11158 1ST AVE,PUNTA GORDA,33955
11165 1ST AVE,PUNTA GORDA,33955
11170 1ST AVE,PUNTA GORDA,33955
11177 1ST AVE,PUNTA GORDA,33955
11195 1ST AVE,PUNTA GORDA,33955
11203 1ST AVE,PUNTA GORDA,33955
11211 1ST AVE,PUNTA GORDA,33955
11219 1ST AVE,PUNTA GORDA,33955
11220 1ST AVE,PUNTA GORDA,33955
11228 1ST AVE,PUNTA GORDA,33955
11236 1ST AVE,PUNTA GORDA,33955
11239 1ST AVE,PUNTA GORDA,33955
11252 1ST AVE,PUNTA GORDA,33955
11255 1ST AVE,PUNTA GORDA,33955
11259 1ST AVE,PUNTA GORDA,33955
11264 1ST AVE,PUNTA GORDA,33955
11272 1ST AVE,PUNTA GORDA,33955
11279 1ST AVE,PUNTA GORDA,33955
11280 1ST AVE,PUNTA GORDA,33955
11293 1ST AVE,PUNTA GORDA,33955
11294 1ST AVE,PUNTA GORDA,33955
11301 1ST AVE,PUNTA GORDA,33955
11302 1ST AVE,PUNTA GORDA,33955
11310 1ST AVE,PUNTA GORDA,33955
11318 1ST AVE,PUNTA GORDA,33955
11322 1ST AVE,PUNTA GORDA,33955
11325 1ST AVE,PUNTA GORDA,33955
11326 1ST AVE,PUNTA GORDA,33955
11329 1ST AVE,PUNTA GORDA,33955
11334 1ST AVE,PUNTA GORDA,33955
11338 1ST AVE,PUNTA GORDA,33955
11341 1ST AVE,PUNTA GORDA,33955
11346 1ST AVE,PUNTA GORDA,33955
11350 1ST AVE,PUNTA GORDA,33955
11354 1ST AVE,PUNTA GORDA,33955
11357 1ST AVE,PUNTA GORDA,33955
11366 1ST AVE,PUNTA GORDA,33955
11369 1ST AVE,PUNTA GORDA,33955
11373 1ST AVE,PUNTA GORDA,33955
11374 1ST AVE,PUNTA GORDA,33955
11386 1ST AVE,PUNTA GORDA,33955
11389 1ST AVE,PUNTA GORDA,33955
11390 1ST AVE,PUNTA GORDA,33955
11394 1ST AVE,PUNTA GORDA,33955
11398 1ST AVE,PUNTA GORDA,33955
11402 1ST AVE,PUNTA GORDA,33955
11405 1ST AVE,PUNTA GORDA,33955
11406 1ST AVE,PUNTA GORDA,33955
11413 1ST AVE,PUNTA GORDA,33955
11421 1ST AVE,PUNTA GORDA,33955
11426 1ST AVE,PUNTA GORDA,33955
11429 1ST AVE,PUNTA GORDA,33955
11442 1ST AVE,PUNTA GORDA,33955
11445 1ST AVE,PUNTA GORDA,33955
11450 1ST AVE,PUNTA GORDA,33955
11457 1ST AVE,PUNTA GORDA,33955
11459 1ST AVE,PUNTA GORDA,33955
11460 1ST AVE,PUNTA GORDA,33955
11467 1ST AVE,PUNTA GORDA,33955
11468 1ST AVE,PUNTA GORDA,33955
11475 1ST AVE,PUNTA GORDA,33955
11480 1ST AVE,PUNTA GORDA,33955
11483 1ST AVE,PUNTA GORDA,33955
11488 1ST AVE,PUNTA GORDA,33955
11495 1ST AVE,PUNTA GORDA,33955
11496 1ST AVE,PUNTA GORDA,33955
11504 1ST AVE,PUNTA GORDA,33955
11512 1ST AVE,PUNTA GORDA,33955
11520 1ST AVE,PUNTA GORDA,33955
11528 1ST AVE,PUNTA GORDA,33955
11536 1ST AVE,PUNTA GORDA,33955
11560 1ST AVE,PUNTA GORDA,33955
11568 1ST AVE,PUNTA GORDA,33955
11576 1ST AVE,PUNTA GORDA,33955
11584 1ST AVE,PUNTA GORDA,33955
11588 1ST AVE,PUNTA GORDA,33955
11594 1ST AVE,PUNTA GORDA,33955
1 1ST ST,PUNTA GORDA,33950
2 1ST ST,PUNTA GORDA,33950
3 1ST ST,PUNTA GORDA,33950
12 1ST ST,PUNTA GORDA,33950
13 1ST ST,PUNTA GORDA,33950
14 1ST ST,PUNTA GORDA,33950
15 1ST ST,PUNTA GORDA,33950
16 1ST ST,PUNTA GORDA,33950
17 1ST ST,PUNTA GORDA,33950
18 1ST ST,PUNTA GORDA,33950
19 1ST ST,PUNTA GORDA,33950
20 1ST ST,PUNTA GORDA,33950
21 1ST ST,PUNTA GORDA,33950
22 1ST ST,PUNTA GORDA,33950
23 1ST ST,PUNTA GORDA,33950
24 1ST ST,PUNTA GORDA,33950
25 1ST ST,PUNTA GORDA,33950
26 1ST ST,PUNTA GORDA,33950
27 1ST ST,PUNTA GORDA,33950
28 1ST ST,PUNTA GORDA,33950
29 1ST ST,PUNTA GORDA,33950
30 1ST ST,PUNTA GORDA,33950
801 1ST ST,ENGLEWOOD,34223
808 1ST ST,ENGLEWOOD,34223
816 1ST ST,ENGLEWOOD,34223
820 1ST ST,ENGLEWOOD,34223
821 1ST ST,ENGLEWOOD,34223
831 1ST ST,ENGLEWOOD,34223
832 1ST ST,ENGLEWOOD,34223
835 1ST ST,ENGLEWOOD,34223
838 1ST ST,ENGLEWOOD,34223
843 1ST ST,ENGLEWOOD,34223
862 1ST ST,ENGLEWOOD,34223
11110 2ND AVE,PUNTA GORDA,33955
11113 2ND AVE,PUNTA GORDA,33955
11118 2ND AVE,PUNTA GORDA,33955
11123 2ND AVE,PUNTA GORDA,33955
11126 2ND AVE,PUNTA GORDA,33955
11129 2ND AVE,PUNTA GORDA,33955
11133 2ND AVE,PUNTA GORDA,33955
11134 2ND AVE,PUNTA GORDA,33955
11142 2ND AVE,PUNTA GORDA,33955
11145 2ND AVE,PUNTA GORDA,33955
11150 2ND AVE,PUNTA GORDA,33955
11153 2ND AVE,PUNTA GORDA,33955
11161 2ND AVE,PUNTA GORDA,33955
11165 2ND AVE,PUNTA GORDA,33955
11166 2ND AVE,PUNTA GORDA,33955
11168 2ND AVE,PUNTA GORDA,33955
11169 2ND AVE,PUNTA GORDA,33955
11170 2ND AVE,PUNTA GORDA,33955
11171 2ND AVE,PUNTA GORDA,33955
11177 2ND AVE,PUNTA GORDA,33955
11178 2ND AVE,PUNTA GORDA,33955
11182 2ND AVE,PUNTA GORDA,33955
11185 2ND AVE,PUNTA GORDA,33955
11189 2ND AVE,PUNTA GORDA,33955
11203 2ND AVE,PUNTA GORDA,33955
11204 2ND AVE,PUNTA GORDA,33955
11207 2ND AVE,PUNTA GORDA,33955
11211 2ND AVE,PUNTA GORDA,33955
11212 2ND AVE,PUNTA GORDA,33955
11219 2ND AVE,PUNTA GORDA,33955
11220 2ND AVE,PUNTA GORDA,33955
11221 2ND AVE,PUNTA GORDA,33955
11225 2ND AVE,PUNTA GORDA,33955
11227 2ND AVE,PUNTA GORDA,33955
11228 2ND AVE,PUNTA GORDA,33955
11232 2ND AVE,PUNTA GORDA,33955
11235 2ND AVE,PUNTA GORDA,33955
11243 2ND AVE,PUNTA GORDA,33955
11244 2ND AVE,PUNTA GORDA,33955
11248 2ND AVE,PUNTA GORDA,33955
11255 2ND AVE,PUNTA GORDA,33955
11256 2ND AVE,PUNTA GORDA,33955
11263 2ND AVE,PUNTA GORDA,33955
11268 2ND AVE,PUNTA GORDA,33955
11271 2ND AVE,PUNTA GORDA,33955
11276 2ND AVE,PUNTA GORDA,33955
11279 2ND AVE,PUNTA GORDA,33955
11284 2ND AVE,PUNTA GORDA,33955
11287 2ND AVE,PUNTA GORDA,33955
11295 2ND AVE,PUNTA GORDA,33955
11309 2ND AVE,PUNTA GORDA,33955
11325 2ND AVE,PUNTA GORDA,33955
11333 2ND AVE,PUNTA GORDA,33955
11341 2ND AVE,PUNTA GORDA,33955
11349 2ND AVE,PUNTA GORDA,33955
11357 2ND AVE,PUNTA GORDA,33955
11369 2ND AVE,PUNTA GORDA,33955
11377 2ND AVE,PUNTA GORDA,33955
11385 2ND AVE,PUNTA GORDA,33955
11401 2ND AVE,PUNTA GORDA,33955
11402 2ND AVE,PUNTA GORDA,33955
11406 2ND AVE,PUNTA GORDA,33955
11409 2ND AVE,PUNTA GORDA,33955
11414 2ND AVE,PUNTA GORDA,33955
11417 2ND AVE,PUNTA GORDA,33955
11422 2ND AVE,PUNTA GORDA,33955
11425 2ND AVE,PUNTA GORDA,33955
11430 2ND AVE,PUNTA GORDA,33955
11433 2ND AVE,PUNTA GORDA,33955
11438 2ND AVE,PUNTA GORDA,33955
11441 2ND AVE,PUNTA GORDA,33955
11446 2ND AVE,PUNTA GORDA,33955
11449 2ND AVE,PUNTA GORDA,33955
11458 2ND AVE,PUNTA GORDA,33955
11465 2ND AVE,PUNTA GORDA,33955
11475 2ND AVE,PUNTA GORDA,33955
11476 2ND AVE,PUNTA GORDA,33955
11483 2ND AVE,PUNTA GORDA,33955
11491 2ND AVE,PUNTA GORDA,33955
11492 2ND AVE,PUNTA GORDA,33955
11499 2ND AVE,PUNTA GORDA,33955
11500 2ND AVE,PUNTA GORDA,33955
11507 2ND AVE,PUNTA GORDA,33955
11515 2ND AVE,PUNTA GORDA,33955
11523 2ND AVE,PUNTA GORDA,33955
11524 2ND AVE,PUNTA GORDA,33955
11531 2ND AVE,PUNTA GORDA,33955
11539 2ND AVE,PUNTA GORDA,33955
11547 2ND AVE,PUNTA GORDA,33955
11548 2ND AVE,PUNTA GORDA,33955
11556 2ND AVE,PUNTA GORDA,33955
11559 2ND AVE,PUNTA GORDA,33955
11590 2ND AVE,PUNTA GORDA,33955
31 2ND ST,PUNTA GORDA,33950
32 2ND ST,PUNTA GORDA,33950
33 2ND ST,PUNTA GORDA,33950
34 2ND ST,PUNTA GORDA,33950
35 2ND ST,PUNTA GORDA,33950
36 2ND ST,PUNTA GORDA,33950
37 2ND ST,PUNTA GORDA,33950
38 2ND ST,PUNTA GORDA,33950
39 2ND ST,PUNTA GORDA,33950
40 2ND ST,PUNTA GORDA,33950
41 2ND ST,PUNTA GORDA,33950
42 2ND ST,PUNTA GORDA,33950
43 2ND ST,PUNTA GORDA,33950
44 2ND ST,PUNTA GORDA,33950
45 2ND ST,PUNTA GORDA,33950
46 2ND ST,PUNTA GORDA,33950
47 2ND ST,PUNTA GORDA,33950
48 2ND ST,PUNTA GORDA,33950
49 2ND ST,PUNTA GORDA,33950
50 2ND ST,PUNTA GORDA,33950
51 2ND ST,PUNTA GORDA,33950
52 2ND ST,PUNTA GORDA,33950
800 2ND ST,ENGLEWOOD,34223
801 2ND ST,ENGLEWOOD,34223
809 2ND ST,ENGLEWOOD,34223
816 2ND ST,ENGLEWOOD,34223
821 2ND ST,ENGLEWOOD,34223
824 2ND ST,ENGLEWOOD,34223
831 2ND ST,ENGLEWOOD,34223
832 2ND ST,ENGLEWOOD,34223
840 2ND ST,ENGLEWOOD,34223
841 2ND ST,ENGLEWOOD,34223
850 2ND ST,ENGLEWOOD,34223
851 2ND ST,ENGLEWOOD,34223
853 2ND ST,ENGLEWOOD,34223
855 2ND ST,ENGLEWOOD,34223
858 2ND ST,ENGLEWOOD,34223
859 2ND ST,ENGLEWOOD,34223
864 2ND ST,ENGLEWOOD,34223
865 2ND ST,ENGLEWOOD,34223
874 2ND ST,ENGLEWOOD,34223
875 2ND ST,ENGLEWOOD,34223
879 2ND ST,ENGLEWOOD,34223
882 2ND ST,ENGLEWOOD,34223
889 2ND ST,ENGLEWOOD,34223
890 2ND ST,ENGLEWOOD,34223
898 2ND ST,ENGLEWOOD,34223
899 2ND ST,ENGLEWOOD,34223
906 2ND ST,ENGLEWOOD,34223
909 2ND ST,ENGLEWOOD,34223
914 2ND ST,ENGLEWOOD,34223
917 2ND ST,ENGLEWOOD,34223
922 2ND ST,ENGLEWOOD,34223
925 2ND ST,ENGLEWOOD,34223
930 2ND ST,ENGLEWOOD,34223
933 2ND ST,ENGLEWOOD,34223
938 2ND ST,ENGLEWOOD,34223
941 2ND ST,ENGLEWOOD,34223
942 2ND ST,ENGLEWOOD,34223
947 2ND ST,ENGLEWOOD,34223
1000 2ND ST,ENGLEWOOD,34223
1005 2ND ST,ENGLEWOOD,34223
1015 2ND ST,ENGLEWOOD,34223
1020 2ND ST,ENGLEWOOD,34223
1025 2ND ST,ENGLEWOOD,34223
1030 2ND ST,ENGLEWOOD,34223
1035 2ND ST,ENGLEWOOD,34223
1040 2ND ST,ENGLEWOOD,34223
1045 2ND ST,ENGLEWOOD,34223
1050 2ND ST,ENGLEWOOD,34223
1055 2ND ST,ENGLEWOOD,34223
11140 3RD AVE,PUNTA GORDA,33955
11144 3RD AVE,PUNTA GORDA,33955
11159 3RD AVE,PUNTA GORDA,33955
11164 3RD AVE,PUNTA GORDA,33955
11167 3RD AVE,PUNTA GORDA,33955
11175 3RD AVE,PUNTA GORDA,33955
11176 3RD AVE,PUNTA GORDA,33955
11183 3RD AVE,PUNTA GORDA,33955
11184 3RD AVE,PUNTA GORDA,33955
11191 3RD AVE,PUNTA GORDA,33955
11192 3RD AVE,PUNTA GORDA,33955
11199 3RD AVE,PUNTA GORDA,33955
11202 3RD AVE,PUNTA GORDA,33955
11213 3RD AVE,PUNTA GORDA,33955
11214 3RD AVE,PUNTA GORDA,33955
11221 3RD AVE,PUNTA GORDA,33955
11226 3RD AVE,PUNTA GORDA,33955
11229 3RD AVE,PUNTA GORDA,33955
11230 3RD AVE,PUNTA GORDA,33955
11233 3RD AVE,PUNTA GORDA,33955
11237 3RD AVE,PUNTA GORDA,33955
11241 3RD AVE,PUNTA GORDA,33955
11242 3RD AVE,PUNTA GORDA,33955
11249 3RD AVE,PUNTA GORDA,33955
11250 3RD AVE,PUNTA GORDA,33955
11258 3RD AVE,PUNTA GORDA,33955
11261 3RD AVE,PUNTA GORDA,33955
11266 3RD AVE,PUNTA GORDA,33955
11273 3RD AVE,PUNTA GORDA,33955
11274 3RD AVE,PUNTA GORDA,33955
11282 3RD AVE,PUNTA GORDA,33955
11285 3RD AVE,PUNTA GORDA,33955
11293 3RD AVE,PUNTA GORDA,33955
11294 3RD AVE,PUNTA GORDA,33955
11301 3RD AVE,PUNTA GORDA,33955
11302 3RD AVE,PUNTA GORDA,33955
11305 3RD AVE,PUNTA GORDA,33955
11306 3RD AVE,PUNTA GORDA,33955
11319 3RD AVE,PUNTA GORDA,33955
11327 3RD AVE,PUNTA GORDA,33955
11335 3RD AVE,PUNTA GORDA,33955
11336 3RD AVE,PUNTA GORDA,33955
11347 3RD AVE,PUNTA GORDA,33955
11348 3RD AVE,PUNTA GORDA,33955
11355 3RD AVE,PUNTA GORDA,33955
11356 3RD AVE,PUNTA GORDA,33955
11363 3RD AVE,PUNTA GORDA,33955
11371 3RD AVE,PUNTA GORDA,33955
11372 3RD AVE,PUNTA GORDA,33955
11380 3RD AVE,PUNTA GORDA,33955
11388 3RD AVE,PUNTA GORDA,33955
11395 3RD AVE,PUNTA GORDA,33955
11399 3RD AVE,PUNTA GORDA,33955
11400 3RD AVE,PUNTA GORDA,33955
11432 3RD AVE,PUNTA GORDA,33955
11440 3RD AVE,PUNTA GORDA,33955
11448 3RD AVE,PUNTA GORDA,33955
11456 3RD AVE,PUNTA GORDA,33955
11464 3RD AVE,PUNTA GORDA,33955
11472 3RD AVE,PUNTA GORDA,33955
11490 3RD AVE,PUNTA GORDA,33955
11498 3RD AVE,PUNTA GORDA,33955
53 3RD ST,PUNTA GORDA,33950
54 3RD ST,PUNTA GORDA,33950
55 3RD ST,PUNTA GORDA,33950
56 3RD ST,PUNTA GORDA,33950
57 3RD ST,PUNTA GORDA,33950
58 3RD ST,PUNTA GORDA,33950
59 3RD ST,PUNTA GORDA,33950
60 3RD ST,PUNTA GORDA,33950
61 3RD ST,PUNTA GORDA,33950
62 3RD ST,PUNTA GORDA,33950
63 3RD ST,PUNTA GORDA,33950
64 3RD ST,PUNTA GORDA,33950
65 3RD ST,PUNTA GORDA,33950
66 3RD ST,PUNTA GORDA,33950
67 3RD ST,PUNTA GORDA,33950
68 3RD ST,PUNTA GORDA,33950
69 3RD ST,PUNTA GORDA,33950
70 3RD ST,PUNTA GORDA,33950
71 3RD ST,PUNTA GORDA,33950
72 3RD ST,PUNTA GORDA,33950
73 3RD ST,PUNTA GORDA,33950
74 3RD ST,PUNTA GORDA,33950
800 3RD ST,ENGLEWOOD,34223
801 3RD ST,ENGLEWOOD,34223
805 3RD ST,ENGLEWOOD,34223
809 3RD ST,ENGLEWOOD,34223
810 3RD ST,ENGLEWOOD,34223
813 3RD ST,ENGLEWOOD,34223
816 3RD ST,ENGLEWOOD,34223
817 3RD ST,ENGLEWOOD,34223
819 3RD ST,ENGLEWOOD,34223
824 3RD ST,ENGLEWOOD,34223
825 3RD ST,ENGLEWOOD,34223
830 3RD ST,ENGLEWOOD,34223
831 3RD ST,ENGLEWOOD,34223
834 3RD ST,ENGLEWOOD,34223
837 3RD ST,ENGLEWOOD,34223
840 3RD ST,ENGLEWOOD,34223
841 3RD ST,ENGLEWOOD,34223
843 3RD ST,ENGLEWOOD,34223
844 3RD ST,ENGLEWOOD,34223
845 3RD ST,ENGLEWOOD,34223
847 3RD ST,ENGLEWOOD,34223
848 3RD ST,ENGLEWOOD,34223
849 3RD ST,ENGLEWOOD,34223
852 3RD ST,ENGLEWOOD,34223
853 3RD ST,ENGLEWOOD,34223
856 3RD ST,ENGLEWOOD,34223
857 3RD ST,ENGLEWOOD,34223
860 3RD ST,ENGLEWOOD,34223
861 3RD ST,ENGLEWOOD,34223
865 3RD ST,ENGLEWOOD,34223
866 3RD ST,ENGLEWOOD,34223
869 3RD ST,ENGLEWOOD,34223
872 3RD ST,ENGLEWOOD,34223
873 3RD ST,ENGLEWOOD,34223
879 3RD ST,ENGLEWOOD,34223
880 3RD ST,ENGLEWOOD,34223
881 3RD ST,ENGLEWOOD,34223
884 3RD ST,ENGLEWOOD,34223
885 3RD ST,ENGLEWOOD,34223
888 3RD ST,ENGLEWOOD,34223
889 3RD ST,ENGLEWOOD,34223
892 3RD ST,ENGLEWOOD,34223
893 3RD ST,ENGLEWOOD,34223
897 3RD ST,ENGLEWOOD,34223
11187 4TH AVE,PUNTA GORDA,33955
11199 4TH AVE,PUNTA GORDA,33955
11200 4TH AVE,PUNTA GORDA,33955
11204 4TH AVE,PUNTA GORDA,33955
11211 4TH AVE,PUNTA GORDA,33955
11212 4TH AVE,PUNTA GORDA,33955
11225 4TH AVE,PUNTA GORDA,33955
11233 4TH AVE,PUNTA GORDA,33955
11234 4TH AVE,PUNTA GORDA,33955
11241 4TH AVE,PUNTA GORDA,33955
11242 4TH AVE,PUNTA GORDA,33955
11249 4TH AVE,PUNTA GORDA,33955
11250 4TH AVE,PUNTA GORDA,33955
11257 4TH AVE,PUNTA GORDA,33955
11258 4TH AVE,PUNTA GORDA,33955
11265 4TH AVE,PUNTA GORDA,33955
11270 4TH AVE,PUNTA GORDA,33955
11278 4TH AVE,PUNTA GORDA,33955
11285 4TH AVE,PUNTA GORDA,33955
11286 4TH AVE,PUNTA GORDA,33955
11297 4TH AVE,PUNTA GORDA,33955
11298 4TH AVE,PUNTA GORDA,33955
11301 4TH AVE,PUNTA GORDA,33955
11309 4TH AVE,PUNTA GORDA,33955
11310 4TH AVE,PUNTA GORDA,33955
11317 4TH AVE,PUNTA GORDA,33955
11318 4TH AVE,PUNTA GORDA,33955
11322 4TH AVE,PUNTA GORDA,33955
11331 4TH AVE,PUNTA GORDA,33955
11332 4TH AVE,PUNTA GORDA,33955
11339 4TH AVE,PUNTA GORDA,33955
11340 4TH AVE,PUNTA GORDA,33955
11347 4TH AVE,PUNTA GORDA,33955
11348 4TH AVE,PUNTA GORDA,33955
11352 4TH AVE,PUNTA GORDA,33955
11355 4TH AVE,PUNTA GORDA,33955
11356 4TH AVE,PUNTA GORDA,33955
11363 4TH AVE,PUNTA GORDA,33955
11364 4TH AVE,PUNTA GORDA,33955
11371 4TH AVE,PUNTA GORDA,33955
11372 4TH AVE,PUNTA GORDA,33955
11379 4TH AVE,PUNTA GORDA,33955
11380 4TH AVE,PUNTA GORDA,33955
11387 4TH AVE,PUNTA GORDA,33955
11388 4TH AVE,PUNTA GORDA,33955
11391 4TH AVE,PUNTA GORDA,33955
11395 4TH AVE,PUNTA GORDA,33955
11403 4TH AVE,PUNTA GORDA,33955
11404 4TH AVE,PUNTA GORDA,33955
11410 4TH AVE,PUNTA GORDA,33955
11419 4TH AVE,PUNTA GORDA,33955
11424 4TH AVE,PUNTA GORDA,33955
11435 4TH AVE,PUNTA GORDA,33955
11440 4TH AVE,PUNTA GORDA,33955
11443 4TH AVE,PUNTA GORDA,33955
11444 4TH AVE,PUNTA GORDA,33955
11451 4TH AVE,PUNTA GORDA,33955
11452 4TH AVE,PUNTA GORDA,33955
11459 4TH AVE,PUNTA GORDA,33955
11460 4TH AVE,PUNTA GORDA,33955
11467 4TH AVE,PUNTA GORDA,33955
11475 4TH AVE,PUNTA GORDA,33955
11483 4TH AVE,PUNTA GORDA,33955
11484 4TH AVE,PUNTA GORDA,33955
11497 4TH AVE,PUNTA GORDA,33955
11498 4TH AVE,PUNTA GORDA,33955
11510 4TH AVE,PUNTA GORDA,33955
11522 4TH AVE,PUNTA GORDA,33955
11534 4TH AVE,PUNTA GORDA,33955
83 4TH ST,PUNTA GORDA,33950
84 4TH ST,PUNTA GORDA,33950
85 4TH ST,PUNTA GORDA,33950
86 4TH ST,PUNTA GORDA,33950
87 4TH ST,PUNTA GORDA,33950
88 4TH ST,PUNTA GORDA,33950
89 4TH ST,PUNTA GORDA,33950
90 4TH ST,PUNTA GORDA,33950
91 4TH ST,PUNTA GORDA,33950
167 4TH ST,PUNTA GORDA,33950
168 4TH ST,PUNTA GORDA,33950
169 4TH ST,PUNTA GORDA,33950
170 4TH ST,PUNTA GORDA,33950
171 4TH ST,PUNTA GORDA,33950
172 4TH ST,PUNTA GORDA,33950
173 4TH ST,PUNTA GORDA,33950
174 4TH ST,PUNTA GORDA,33950
175 4TH ST,PUNTA GORDA,33950
176 4TH ST,PUNTA GORDA,33950
177 4TH ST,PUNTA GORDA,33950
178 4TH ST,PUNTA GORDA,33950
179 4TH ST,PUNTA GORDA,33950
180 4TH ST,PUNTA GORDA,33950
181 4TH ST,PUNTA GORDA,33950
182 4TH ST,PUNTA GORDA,33950
183 4TH ST,PUNTA GORDA,33950
184 4TH ST,PUNTA GORDA,33950
185 4TH ST,PUNTA GORDA,33950
186 4TH ST,PUNTA GORDA,33950
187 4TH ST,PUNTA GORDA,33950
188 4TH ST,PUNTA GORDA,33950
800 4TH ST,ENGLEWOOD,34223
801 4TH ST,ENGLEWOOD,34223
804 4TH ST,ENGLEWOOD,34223
806 4TH ST,ENGLEWOOD,34223
812 4TH ST,ENGLEWOOD,34223
816 4TH ST,ENGLEWOOD,34223
817 4TH ST,ENGLEWOOD,34223
820 4TH ST,ENGLEWOOD,34223
824 4TH ST,ENGLEWOOD,34223
828 4TH ST,ENGLEWOOD,34223
829 4TH ST,ENGLEWOOD,34223
832 4TH ST,ENGLEWOOD,34223
835 4TH ST,ENGLEWOOD,34223
836 4TH ST,ENGLEWOOD,34223
838 4TH ST,ENGLEWOOD,34223
839 4TH ST,ENGLEWOOD,34223
840 4TH ST,ENGLEWOOD,34223
844 4TH ST,ENGLEWOOD,34223
845 4TH ST,ENGLEWOOD,34223
848 4TH ST,ENGLEWOOD,34223
849 4TH ST,ENGLEWOOD,34223
852 4TH ST,ENGLEWOOD,34223
853 4TH ST,ENGLEWOOD,34223
855 4TH ST,ENGLEWOOD,34223
857 4TH ST,ENGLEWOOD,34223
858 4TH ST,ENGLEWOOD,34223
860 4TH ST,ENGLEWOOD,34223
861 4TH ST,ENGLEWOOD,34223
866 4TH ST,ENGLEWOOD,34223
867 4TH ST,ENGLEWOOD,34223
870 4TH ST,ENGLEWOOD,34223
873 4TH ST,ENGLEWOOD,34223
874 4TH ST,ENGLEWOOD,34223
875 4TH ST,ENGLEWOOD,34223
876 4TH ST,ENGLEWOOD,34223
879 4TH ST,ENGLEWOOD,34223
880 4TH ST,ENGLEWOOD,34223
881 4TH ST,ENGLEWOOD,34223
885 4TH ST,ENGLEWOOD,34223
886 4TH ST,ENGLEWOOD,34223
892 4TH ST,ENGLEWOOD,34223
893 4TH ST,ENGLEWOOD,34223
11220 5TH AVE,PUNTA GORDA,33955
11224 5TH AVE,PUNTA GORDA,33955
11242 5TH AVE,PUNTA GORDA,33955
11245 5TH AVE,PUNTA GORDA,33955
11248 5TH AVE,PUNTA GORDA,33955
11250 5TH AVE,PUNTA GORDA,33955
11251 5TH AVE,PUNTA GORDA,33955
11253 5TH AVE,PUNTA GORDA,33955
11258 5TH AVE,PUNTA GORDA,33955
11261 5TH AVE,PUNTA GORDA,33955
11262 5TH AVE,PUNTA GORDA,33955
11266 5TH AVE,PUNTA GORDA,33955
11269 5TH AVE,PUNTA GORDA,33955
11277 5TH AVE,PUNTA GORDA,33955
11282 5TH AVE,PUNTA GORDA,33955
11285 5TH AVE,PUNTA GORDA,33955
11290 5TH AVE,PUNTA GORDA,33955
11293 5TH AVE,PUNTA GORDA,33955
11298 5TH AVE,PUNTA GORDA,33955
11305 5TH AVE,PUNTA GORDA,33955
11306 5TH AVE,PUNTA GORDA,33955
11313 5TH AVE,PUNTA GORDA,33955
11314 5TH AVE,PUNTA GORDA,33955
11321 5TH AVE,PUNTA GORDA,33955
11322 5TH AVE,PUNTA GORDA,33955
11329 5TH AVE,PUNTA GORDA,33955
11343 5TH AVE,PUNTA GORDA,33955
11344 5TH AVE,PUNTA GORDA,33955
11351 5TH AVE,PUNTA GORDA,33955
11352 5TH AVE,PUNTA GORDA,33955
11355 5TH AVE,PUNTA GORDA,33955
11360 5TH AVE,PUNTA GORDA,33955
11363 5TH AVE,PUNTA GORDA,33955
11367 5TH AVE,PUNTA GORDA,33955
11372 5TH AVE,PUNTA GORDA,33955
11375 5TH AVE,PUNTA GORDA,33955
11376 5TH AVE,PUNTA GORDA,33955
11384 5TH AVE,PUNTA GORDA,33955
11387 5TH AVE,PUNTA GORDA,33955
11391 5TH AVE,PUNTA GORDA,33955
11400 5TH AVE,PUNTA GORDA,33955
11403 5TH AVE,PUNTA GORDA,33955
11411 5TH AVE,PUNTA GORDA,33955
11416 5TH AVE,PUNTA GORDA,33955
11419 5TH AVE,PUNTA GORDA,33955
11424 5TH AVE,PUNTA GORDA,33955
11427 5TH AVE,PUNTA GORDA,33955
11432 5TH AVE,PUNTA GORDA,33955
11439 5TH AVE,PUNTA GORDA,33955
11440 5TH AVE,PUNTA GORDA,33955
11444 5TH AVE,PUNTA GORDA,33955
11447 5TH AVE,PUNTA GORDA,33955
11448 5TH AVE,PUNTA GORDA,33955
11455 5TH AVE,PUNTA GORDA,33955
11456 5TH AVE,PUNTA GORDA,33955
11463 5TH AVE,PUNTA GORDA,33955
11464 5TH AVE,PUNTA GORDA,33955
11467 5TH AVE,PUNTA GORDA,33955
11472 5TH AVE,PUNTA GORDA,33955
11475 5TH AVE,PUNTA GORDA,33955
11480 5TH AVE,PUNTA GORDA,33955
11483 5TH AVE,PUNTA GORDA,33955
11488 5TH AVE,PUNTA GORDA,33955
11491 5TH AVE,PUNTA GORDA,33955
11496 5TH AVE,PUNTA GORDA,33955
11510 5TH AVE,PUNTA GORDA,33955
11518 5TH AVE,PUNTA GORDA,33955
11526 5TH AVE,PUNTA GORDA,33955
92 5TH ST,PUNTA GORDA,33950
93 5TH ST,PUNTA GORDA,33950
94 5TH ST,PUNTA GORDA,33950
95 5TH ST,PUNTA GORDA,33950
96 5TH ST,PUNTA GORDA,33950
97 5TH ST,PUNTA GORDA,33950
98 5TH ST,PUNTA GORDA,33950
99 5TH ST,PUNTA GORDA,33950
100 5TH ST,PUNTA GORDA,33950
101 5TH ST,PUNTA GORDA,33950
102 5TH ST,PUNTA GORDA,33950
103 5TH ST,PUNTA GORDA,33950
104 5TH ST,PUNTA GORDA,33950
105 5TH ST,PUNTA GORDA,33950
189 5TH ST,PUNTA GORDA,33950
190 5TH ST,PUNTA GORDA,33950
191 5TH ST,PUNTA GORDA,33950
192 5TH ST,PUNTA GORDA,33950
193 5TH ST,PUNTA GORDA,33950
194 5TH ST,PUNTA GORDA,33950
195 5TH ST,PUNTA GORDA,33950
196 5TH ST,PUNTA GORDA,33950
197 5TH ST,PUNTA GORDA,33950
198 5TH ST,PUNTA GORDA,33950
199 5TH ST,PUNTA GORDA,33950
200 5TH ST,PUNTA GORDA,33950
201 5TH ST,PUNTA GORDA,33950
202 5TH ST,PUNTA GORDA,33950
203 5TH ST,PUNTA GORDA,33950
204 5TH ST,PUNTA GORDA,33950
205 5TH ST,PUNTA GORDA,33950
206 5TH ST,PUNTA GORDA,33950
207 5TH ST,PUNTA GORDA,33950
208 5TH ST,PUNTA GORDA,33950
209 5TH ST,PUNTA GORDA,33950
210 5TH ST,PUNTA GORDA,33950
800 5TH ST,ENGLEWOOD,34223
801 5TH ST,ENGLEWOOD,34223
804 5TH ST,ENGLEWOOD,34223
805 5TH ST,ENGLEWOOD,34223
808 5TH ST,ENGLEWOOD,34223
809 5TH ST,ENGLEWOOD,34223
810 5TH ST,ENGLEWOOD,34223
812 5TH ST,ENGLEWOOD,34223
813 5TH ST,ENGLEWOOD,34223
816 5TH ST,ENGLEWOOD,34223
817 5TH ST,ENGLEWOOD,34223
820 5TH ST,ENGLEWOOD,34223
821 5TH ST,ENGLEWOOD,34223
824 5TH ST,ENGLEWOOD,34223
825 5TH ST,ENGLEWOOD,34223
828 5TH ST,ENGLEWOOD,34223
829 5TH ST,ENGLEWOOD,34223
830 5TH ST,ENGLEWOOD,34223
831 5TH ST,ENGLEWOOD,34223
834 5TH ST,ENGLEWOOD,34223
835 5TH ST,ENGLEWOOD,34223
842 5TH ST,ENGLEWOOD,34223
843 5TH ST,ENGLEWOOD,34223
845 5TH ST,ENGLEWOOD,34223
848 5TH ST,ENGLEWOOD,34223
849 5TH ST,ENGLEWOOD,34223
852 5TH ST,ENGLEWOOD,34223
853 5TH ST,ENGLEWOOD,34223
856 5TH ST,ENGLEWOOD,34223
857 5TH ST,ENGLEWOOD,34223
862 5TH ST,ENGLEWOOD,34223
863 5TH ST,ENGLEWOOD,34223
866 5TH ST,ENGLEWOOD,34223
867 5TH ST,ENGLEWOOD,34223
868 5TH ST,ENGLEWOOD,34223
872 5TH ST,ENGLEWOOD,34223
873 5TH ST,ENGLEWOOD,34223
877 5TH ST,ENGLEWOOD,34223
881 5TH ST,ENGLEWOOD,34223
882 5TH ST,ENGLEWOOD,34223
886 5TH ST,ENGLEWOOD,34223
888 5TH ST,ENGLEWOOD,34223
889 5TH ST,ENGLEWOOD,34223
892 5TH ST,ENGLEWOOD,34223
893 5TH ST,ENGLEWOOD,34223
897 5TH ST,ENGLEWOOD,34223
11236 6TH AVE,PUNTA GORDA,33955
11249 6TH AVE,PUNTA GORDA,33955
11258 6TH AVE,PUNTA GORDA,33955
11261 6TH AVE,PUNTA GORDA,33955
11266 6TH AVE,PUNTA GORDA,33955
11269 6TH AVE,PUNTA GORDA,33955
11277 6TH AVE,PUNTA GORDA,33955
11281 6TH AVE,PUNTA GORDA,33955
11282 6TH AVE,PUNTA GORDA,33955
11285 6TH AVE,PUNTA GORDA,33955
11286 6TH AVE,PUNTA GORDA,33955
11290 6TH AVE,PUNTA GORDA,33955
11293 6TH AVE,PUNTA GORDA,33955
11302 6TH AVE,PUNTA GORDA,33955
11305 6TH AVE,PUNTA GORDA,33955
11310 6TH AVE,PUNTA GORDA,33955
11313 6TH AVE,PUNTA GORDA,33955
11318 6TH AVE,PUNTA GORDA,33955
11321 6TH AVE,PUNTA GORDA,33955
11326 6TH AVE,PUNTA GORDA,33955
11328 6TH AVE,PUNTA GORDA,33955
11329 6TH AVE,PUNTA GORDA,33955
11330 6TH AVE,PUNTA GORDA,33955
11334 6TH AVE,PUNTA GORDA,33955
11337 6TH AVE,PUNTA GORDA,33955
11342 6TH AVE,PUNTA GORDA,33955
11355 6TH AVE,PUNTA GORDA,33955
11356 6TH AVE,PUNTA GORDA,33955
11363 6TH AVE,PUNTA GORDA,33955
11364 6TH AVE,PUNTA GORDA,33955
11371 6TH AVE,PUNTA GORDA,33955
11372 6TH AVE,PUNTA GORDA,33955
11379 6TH AVE,PUNTA GORDA,33955
11387 6TH AVE,PUNTA GORDA,33955
11388 6TH AVE,PUNTA GORDA,33955
11395 6TH AVE,PUNTA GORDA,33955
11396 6TH AVE,PUNTA GORDA,33955
11403 6TH AVE,PUNTA GORDA,33955
11404 6TH AVE,PUNTA GORDA,33955
11411 6TH AVE,PUNTA GORDA,33955
11412 6TH AVE,PUNTA GORDA,33955
11419 6TH AVE,PUNTA GORDA,33955
11420 6TH AVE,PUNTA GORDA,33955
11428 6TH AVE,PUNTA GORDA,33955
11435 6TH AVE,PUNTA GORDA,33955
11436 6TH AVE,PUNTA GORDA,33955
11443 6TH AVE,PUNTA GORDA,33955
11444 6TH AVE,PUNTA GORDA,33955
11451 6TH AVE,PUNTA GORDA,33955
11452 6TH AVE,PUNTA GORDA,33955
11459 6TH AVE,PUNTA GORDA,33955
11460 6TH AVE,PUNTA GORDA,33955
11467 6TH AVE,PUNTA GORDA,33955
11468 6TH AVE,PUNTA GORDA,33955
11469 6TH AVE,PUNTA GORDA,33955
11475 6TH AVE,PUNTA GORDA,33955
11476 6TH AVE,PUNTA GORDA,33955
11483 6TH AVE,PUNTA GORDA,33955
11488 6TH AVE,PUNTA GORDA,33955
11491 6TH AVE,PUNTA GORDA,33955
11492 6TH AVE,PUNTA GORDA,33955
11499 6TH AVE,PUNTA GORDA,33955
11511 6TH AVE,PUNTA GORDA,33955
106 6TH ST,PUNTA GORDA,33950
107 6TH ST,PUNTA GORDA,33950
108 6TH ST,PUNTA GORDA,33950
109 6TH ST,PUNTA GORDA,33950
110 6TH ST,PUNTA GORDA,33950
111 6TH ST,PUNTA GORDA,33950
112 6TH ST,PUNTA GORDA,33950
113 6TH ST,PUNTA GORDA,33950
114 6TH ST,PUNTA GORDA,33950
115 6TH ST,PUNTA GORDA,33950
116 6TH ST,PUNTA GORDA,33950
117 6TH ST,PUNTA GORDA,33950
211 6TH ST,PUNTA GORDA,33950
212 6TH ST,PUNTA GORDA,33950
213 6TH ST,PUNTA GORDA,33950
214 6TH ST,PUNTA GORDA,33950
215 6TH ST,PUNTA GORDA,33950
216 6TH ST,PUNTA GORDA,33950
217 6TH ST,PUNTA GORDA,33950
218 6TH ST,PUNTA GORDA,33950
219 6TH ST,PUNTA GORDA,33950
220 6TH ST,PUNTA GORDA,33950
221 6TH ST,PUNTA GORDA,33950
223 6TH ST,PUNTA GORDA,33950
224 6TH ST,PUNTA GORDA,33950
225 6TH ST,PUNTA GORDA,33950
226 6TH ST,PUNTA GORDA,33950
227 6TH ST,PUNTA GORDA,33950
228 6TH ST,PUNTA GORDA,33950
229 6TH ST,PUNTA GORDA,33950
230 6TH ST,PUNTA GORDA,33950
800 6TH ST,ENGLEWOOD,34223
801 6TH ST,ENGLEWOOD,34223
804 6TH ST,ENGLEWOOD,34223
805 6TH ST,ENGLEWOOD,34223
806 6TH ST,ENGLEWOOD,34223
808 6TH ST,ENGLEWOOD,34223
809 6TH ST,ENGLEWOOD,34223
812 6TH ST,ENGLEWOOD,34223
813 6TH ST,ENGLEWOOD,34223
815 6TH ST,ENGLEWOOD,34223
816 6TH ST,ENGLEWOOD,34223
817 6TH ST,ENGLEWOOD,34223
820 6TH ST,ENGLEWOOD,34223
821 6TH ST,ENGLEWOOD,34223
824 6TH ST,ENGLEWOOD,34223
825 6TH ST,ENGLEWOOD,34223
826 6TH ST,ENGLEWOOD,34223
828 6TH ST,ENGLEWOOD,34223
829 6TH ST,ENGLEWOOD,34223
831 6TH ST,ENGLEWOOD,34223
832 6TH ST,ENGLEWOOD,34223
834 6TH ST,ENGLEWOOD,34223
835 6TH ST,ENGLEWOOD,34223
838 6TH ST,ENGLEWOOD,34223
842 6TH ST,ENGLEWOOD,34223
843 6TH ST,ENGLEWOOD,34223
848 6TH ST,ENGLEWOOD,34223
849 6TH ST,ENGLEWOOD,34223
852 6TH ST,ENGLEWOOD,34223
853 6TH ST,ENGLEWOOD,34223
856 6TH ST,ENGLEWOOD,34223
857 6TH ST,ENGLEWOOD,34223
861 6TH ST,ENGLEWOOD,34223
862 6TH ST,ENGLEWOOD,34223
863 6TH ST,ENGLEWOOD,34223
864 6TH ST,ENGLEWOOD,34223
866 6TH ST,ENGLEWOOD,34223
867 6TH ST,ENGLEWOOD,34223
872 6TH ST,ENGLEWOOD,34223
873 6TH ST,ENGLEWOOD,34223
877 6TH ST,ENGLEWOOD,34223
878 6TH ST,ENGLEWOOD,34223
882 6TH ST,ENGLEWOOD,34223
883 6TH ST,ENGLEWOOD,34223
888 6TH ST,ENGLEWOOD,34223
889 6TH ST,ENGLEWOOD,34223
892 6TH ST,ENGLEWOOD,34223
893 6TH ST,ENGLEWOOD,34223
898 6TH ST,ENGLEWOOD,34223
11223 7TH AVE,PUNTA GORDA,33955
11287 7TH AVE,PUNTA GORDA,33955
11299 7TH AVE,PUNTA GORDA,33955
11307 7TH AVE,PUNTA GORDA,33955
11315 7TH AVE,PUNTA GORDA,33955
11323 7TH AVE,PUNTA GORDA,33955
11331 7TH AVE,PUNTA GORDA,33955
11339 7TH AVE,PUNTA GORDA,33955
11405 7TH AVE,PUNTA GORDA,33955
11413 7TH AVE,PUNTA GORDA,33955
11425 7TH AVE,PUNTA GORDA,33955
11433 7TH AVE,PUNTA GORDA,33955
11449 7TH AVE,PUNTA GORDA,33955
11465 7TH AVE,PUNTA GORDA,33955
11473 7TH AVE,PUNTA GORDA,33955
11479 7TH AVE,PUNTA GORDA,33955
11481 7TH AVE,PUNTA GORDA,33955
118 7TH ST,PUNTA GORDA,33950
119 7TH ST,PUNTA GORDA,33950
120 7TH ST,PUNTA GORDA,33950
121 7TH ST,PUNTA GORDA,33950
122 7TH ST,PUNTA GORDA,33950
123 7TH ST,PUNTA GORDA,33950
124 7TH ST,PUNTA GORDA,33950
125 7TH ST,PUNTA GORDA,33950
126 7TH ST,PUNTA GORDA,33950
127 7TH ST,PUNTA GORDA,33950
128 7TH ST,PUNTA GORDA,33950
129 7TH ST,PUNTA GORDA,33950
130 7TH ST,PUNTA GORDA,33950
131 7TH ST,PUNTA GORDA,33950
132 7TH ST,PUNTA GORDA,33950
232 7TH ST,PUNTA GORDA,33950
233 7TH ST,PUNTA GORDA,33950
234 7TH ST,PUNTA GORDA,33950
235 7TH ST,PUNTA GORDA,33950
236 7TH ST,PUNTA GORDA,33950
237 7TH ST,PUNTA GORDA,33950
238 7TH ST,PUNTA GORDA,33950
242 7TH ST,PUNTA GORDA,33950
243 7TH ST,PUNTA GORDA,33950
244 7TH ST,PUNTA GORDA,33950
245 7TH ST,PUNTA GORDA,33950
800 7TH ST,ENGLEWOOD,34223
801 7TH ST,ENGLEWOOD,34223
802 7TH ST,ENGLEWOOD,34223
804 7TH ST,ENGLEWOOD,34223
805 7TH ST,ENGLEWOOD,34223
809 7TH ST,ENGLEWOOD,34223
812 7TH ST,ENGLEWOOD,34223
813 7TH ST,ENGLEWOOD,34223
816 7TH ST,ENGLEWOOD,34223
817 7TH ST,ENGLEWOOD,34223
818 7TH ST,ENGLEWOOD,34223
821 7TH ST,ENGLEWOOD,34223
824 7TH ST,ENGLEWOOD,34223
825 7TH ST,ENGLEWOOD,34223
828 7TH ST,ENGLEWOOD,34223
829 7TH ST,ENGLEWOOD,34223
833 7TH ST,ENGLEWOOD,34223
835 7TH ST,ENGLEWOOD,34223
836 7TH ST,ENGLEWOOD,34223
837 7TH ST,ENGLEWOOD,34223
840 7TH ST,ENGLEWOOD,34223
841 7TH ST,ENGLEWOOD,34223
842 7TH ST,ENGLEWOOD,34223
844 7TH ST,ENGLEWOOD,34223
845 7TH ST,ENGLEWOOD,34223
847 7TH ST,ENGLEWOOD,34223
850 7TH ST,ENGLEWOOD,34223
853 7TH ST,ENGLEWOOD,34223
857 7TH ST,ENGLEWOOD,34223
858 7TH ST,ENGLEWOOD,34223
861 7TH ST,ENGLEWOOD,34223
862 7TH ST,ENGLEWOOD,34223
869 7TH ST,ENGLEWOOD,34223
872 7TH ST,ENGLEWOOD,34223
873 7TH ST,ENGLEWOOD,34223
879 7TH ST,ENGLEWOOD,34223
880 7TH ST,ENGLEWOOD,34223
885 7TH ST,ENGLEWOOD,34223
891 7TH ST,ENGLEWOOD,34223
892 7TH ST,ENGLEWOOD,34223
895 7TH ST,ENGLEWOOD,34223
897 7TH ST,ENGLEWOOD,34223
11304 8TH AVE,PUNTA GORDA,33955
11309 8TH AVE,PUNTA GORDA,33955
11312 8TH AVE,PUNTA GORDA,33955
11316 8TH AVE,PUNTA GORDA,33955
11319 8TH AVE,PUNTA GORDA,33955
11324 8TH AVE,PUNTA GORDA,33955
11327 8TH AVE,PUNTA GORDA,33955
11331 8TH AVE,PUNTA GORDA,33955
11332 8TH AVE,PUNTA GORDA,33955
11335 8TH AVE,PUNTA GORDA,33955
11340 8TH AVE,PUNTA GORDA,33955
11343 8TH AVE,PUNTA GORDA,33955
11347 8TH AVE,PUNTA GORDA,33955
11348 8TH AVE,PUNTA GORDA,33955
11355 8TH AVE,PUNTA GORDA,33955
11356 8TH AVE,PUNTA GORDA,33955
11377 8TH AVE,PUNTA GORDA,33955
11378 8TH AVE,PUNTA GORDA,33955
11385 8TH AVE,PUNTA GORDA,33955
11386 8TH AVE,PUNTA GORDA,33955
11393 8TH AVE,PUNTA GORDA,33955
11394 8TH AVE,PUNTA GORDA,33955
11403 8TH AVE,PUNTA GORDA,33955
11409 8TH AVE,PUNTA GORDA,33955
11417 8TH AVE,PUNTA GORDA,33955
11429 8TH AVE,PUNTA GORDA,33955
11437 8TH AVE,PUNTA GORDA,33955
11445 8TH AVE,PUNTA GORDA,33955
11447 8TH AVE,PUNTA GORDA,33955
11449 8TH AVE,PUNTA GORDA,33955
133 8TH ST,PUNTA GORDA,33950
134 8TH ST,PUNTA GORDA,33950
135 8TH ST,PUNTA GORDA,33950
136 8TH ST,PUNTA GORDA,33950
137 8TH ST,PUNTA GORDA,33950
138 8TH ST,PUNTA GORDA,33950
139 8TH ST,PUNTA GORDA,33950
140 8TH ST,PUNTA GORDA,33950
144 8TH ST,PUNTA GORDA,33950
145 8TH ST,PUNTA GORDA,33950
146 8TH ST,PUNTA GORDA,33950
147 8TH ST,PUNTA GORDA,33950
2800 8TH ST,ENGLEWOOD,34224
2810 8TH ST,ENGLEWOOD,34224
2811 8TH ST,ENGLEWOOD,34224
2820 8TH ST,ENGLEWOOD,34224
2821 8TH ST,ENGLEWOOD,34224
2822 8TH ST,ENGLEWOOD,34224
2831 8TH ST,ENGLEWOOD,34224
2832 8TH ST,ENGLEWOOD,34224
2851 8TH ST,ENGLEWOOD,34224
2871 8TH ST,ENGLEWOOD,34224
2881 8TH ST,ENGLEWOOD,34224
11404 9TH AVE,PUNTA GORDA,33955
11412 9TH AVE,PUNTA GORDA,33955
11420 9TH AVE,PUNTA GORDA,33955
11428 9TH AVE,PUNTA GORDA,33955
11436 9TH AVE,PUNTA GORDA,33955
11444 9TH AVE,PUNTA GORDA,33955
11452 9TH AVE,PUNTA GORDA,33955
11460 9TH AVE,PUNTA GORDA,33955
2800 9TH ST,ENGLEWOOD,34224
2810 9TH ST,ENGLEWOOD,34224
2811 9TH ST,ENGLEWOOD,34224
2820 9TH ST,ENGLEWOOD,34224
2830 9TH ST,ENGLEWOOD,34224
2831 9TH ST,ENGLEWOOD,34224
2850 9TH ST,ENGLEWOOD,34224
2851 9TH ST,ENGLEWOOD,34224
2860 9TH ST,ENGLEWOOD,34224
2861 9TH ST,ENGLEWOOD,34224
2870 9TH ST,ENGLEWOOD,34224
2871 9TH ST,ENGLEWOOD,34224
2880 9TH ST,ENGLEWOOD,34224
2881 9TH ST,ENGLEWOOD,34224
2000 AARON ST,PORT CHARLOTTE,33952
2035 AARON ST,PORT CHARLOTTE,33952
2077 AARON ST,PORT CHARLOTTE,33952
2094 AARON ST,PORT CHARLOTTE,33952
2099 AARON ST,PORT CHARLOTTE,33952
2102 AARON ST,PORT CHARLOTTE,33952
2105 AARON ST,PORT CHARLOTTE,33952
2107 AARON ST,PORT CHARLOTTE,33952
2110 AARON ST,PORT CHARLOTTE,33952
2115 AARON ST,PORT CHARLOTTE,33952
2118 AARON ST,PORT CHARLOTTE,33952
2123 AARON ST,PORT CHARLOTTE,33952
2133 AARON ST,PORT CHARLOTTE,33952
2134 AARON ST,PORT CHARLOTTE,33952
2144 AARON ST,PORT CHARLOTTE,33952
2200 AARON ST,PORT CHARLOTTE,33952
2201 AARON ST,PORT CHARLOTTE,33952
2205 AARON ST,PORT CHARLOTTE,33952
2207 AARON ST,PORT CHARLOTTE,33952
2209 AARON ST,PORT CHARLOTTE,33952
2210 AARON ST,PORT CHARLOTTE,33952
2217 AARON ST,PORT CHARLOTTE,33952
2225 AARON ST,PORT CHARLOTTE,33952
2233 AARON ST,PORT CHARLOTTE,33952
2240 AARON ST,PORT CHARLOTTE,33952
2241 AARON ST,PORT CHARLOTTE,33952
2245 AARON ST,PORT CHARLOTTE,33952
2246 AARON ST,PORT CHARLOTTE,33952
2249 AARON ST,PORT CHARLOTTE,33952
2255 AARON ST,PORT CHARLOTTE,33952
2257 AARON ST,PORT CHARLOTTE,33952
2258 AARON ST,PORT CHARLOTTE,33952
2259 AARON ST,PORT CHARLOTTE,33952
2265 AARON ST,PORT CHARLOTTE,33952
2269 AARON ST,PORT CHARLOTTE,33952
2270 AARON ST,PORT CHARLOTTE,33952
2272 AARON ST,PORT CHARLOTTE,33952
2273 AARON ST,PORT CHARLOTTE,33952
2275 AARON ST,PORT CHARLOTTE,33952
2278 AARON ST,PORT CHARLOTTE,33952
2279 AARON ST,PORT CHARLOTTE,33952
2280 AARON ST,PORT CHARLOTTE,33952
2283 AARON ST,PORT CHARLOTTE,33952
2284 AARON ST,PORT CHARLOTTE,33952
2285 AARON ST,PORT CHARLOTTE,33952
2288 AARON ST,PORT CHARLOTTE,33952
2290 AARON ST,PORT CHARLOTTE,33952
2293 AARON ST,PORT CHARLOTTE,33952
2294 AARON ST,PORT CHARLOTTE,33952
2295 AARON ST,PORT CHARLOTTE,33952
2296 AARON ST,PORT CHARLOTTE,33952
2300 AARON ST,PORT CHARLOTTE,33952
2305 AARON ST,PORT CHARLOTTE,33952
2310 AARON ST,PORT CHARLOTTE,33952
2315 AARON ST,PORT CHARLOTTE,33952
2327 AARON ST,PORT CHARLOTTE,33952
2335 AARON ST,PORT CHARLOTTE,33952
2342 AARON ST,PORT CHARLOTTE,33952
2343 AARON ST,PORT CHARLOTTE,33952
2350 AARON ST,PORT CHARLOTTE,33952
2351 AARON ST,PORT CHARLOTTE,33952
2395 AARON ST,PORT CHARLOTTE,33952
2500 AARON ST,PORT CHARLOTTE,33952
2522 AARON ST,PORT CHARLOTTE,33952
2550 AARON ST,PORT CHARLOTTE,33952
1 ABACK CT,PLACIDA,33946
3 ABACK CT,PLACIDA,33946
4 ABACK CT,PLACIDA,33946
6 ABACK CT,PLACIDA,33946
7 ABACK CT,PLACIDA,33946
8 ABACK CT,PLACIDA,33946
10 ABACK CT,PLACIDA,33946
12 ABACK CT,PLACIDA,33946
13 ABACK CT,PLACIDA,33946
14 ABACK CT,PLACIDA,33946
15 ABACK CT,PLACIDA,33946
16 ABACK CT,PLACIDA,33946
1 ABAFT PL,PLACIDA,33946
2 ABAFT PL,PLACIDA,33946
3 ABAFT PL,PLACIDA,33946
4 ABAFT PL,PLACIDA,33946
5 ABAFT PL,PLACIDA,33946
6 ABAFT PL,PLACIDA,33946
7 ABAFT PL,PLACIDA,33946
8 ABAFT PL,PLACIDA,33946
9 ABAFT PL,PLACIDA,33946
10 ABAFT PL,PLACIDA,33946
11 ABAFT PL,PLACIDA,33946
12 ABAFT PL,PLACIDA,33946
13 ABAFT PL,PLACIDA,33946
14 ABAFT PL,PLACIDA,33946
15 ABAFT PL,PLACIDA,33946
16 ABAFT PL,PLACIDA,33946
17 ABAFT PL,PLACIDA,33946
18 ABAFT PL,PLACIDA,33946
19 ABAFT PL,PLACIDA,33946
20 ABAFT PL,PLACIDA,33946
1304 ABALOM ST,PUNTA GORDA,33980
1305 ABALOM ST,PUNTA GORDA,33980
1314 ABALOM ST,PUNTA GORDA,33980
1315 ABALOM ST,PUNTA GORDA,33980
1321 ABALOM ST,PUNTA GORDA,33980
1322 ABALOM ST,PUNTA GORDA,33980
1323 ABALOM ST,PUNTA GORDA,33980
1328 ABALOM ST,PUNTA GORDA,33980
1330 ABALOM ST,PUNTA GORDA,33980
1331 ABALOM ST,PUNTA GORDA,33980
1332 ABALOM ST,PUNTA GORDA,33980
1338 ABALOM ST,PUNTA GORDA,33980
1345 ABALOM ST,PUNTA GORDA,33980
1346 ABALOM ST,PUNTA GORDA,33980
1347 ABALOM ST,PUNTA GORDA,33980
1352 ABALOM ST,PUNTA GORDA,33980
1358 ABALOM ST,PUNTA GORDA,33980
1359 ABALOM ST,PUNTA GORDA,33980
1361 ABALOM ST,PUNTA GORDA,33980
1366 ABALOM ST,PUNTA GORDA,33980
1367 ABALOM ST,PUNTA GORDA,33980
1374 ABALOM ST,PUNTA GORDA,33980
1375 ABALOM ST,PUNTA GORDA,33980
1377 ABALOM ST,PUNTA GORDA,33980
1382 ABALOM ST,PORT CHARLOTTE,33980
1383 ABALOM ST,PUNTA GORDA,33980
1390 ABALOM ST,PUNTA GORDA,33980
1391 ABALOM ST,PUNTA GORDA,33980
1406 ABALOM ST,PUNTA GORDA,33980
1434 ABALOM ST,PUNTA GORDA,33980
1462 ABALOM ST,PUNTA GORDA,33980
1478 ABALOM ST,PUNTA GORDA,33980
1486 ABALOM ST,PORT CHARLOTTE,33980
1494 ABALOM ST,PORT CHARLOTTE,33980
1502 ABALOM ST,PUNTA GORDA,33980
1510 ABALOM ST,PUNTA GORDA,33980
1518 ABALOM ST,PUNTA GORDA,33980
1526 ABALOM ST,PUNTA GORDA,33980
1542 ABALOM ST,PUNTA GORDA,33980
1550 ABALOM ST,PUNTA GORDA,33980
1558 ABALOM ST,PUNTA GORDA,33980
1566 ABALOM ST,PUNTA GORDA,33980
1574 ABALOM ST,PORT CHARLOTTE,33980
1582 ABALOM ST,PORT CHARLOTTE,33980
1590 ABALOM ST,PUNTA GORDA,33980
1598 ABALOM ST,PUNTA GORDA,33980
1606 ABALOM ST,PUNTA GORDA,33980
1614 ABALOM ST,PUNTA GORDA,33980
1622 ABALOM ST,PUNTA GORDA,33980
1630 ABALOM ST,PUNTA GORDA,33980
1631 ABALOM ST,PUNTA GORDA,33980
1638 ABALOM ST,PUNTA GORDA,33980
1648 ABALOM ST,PUNTA GORDA,33980
2138 ABALOM ST,PUNTA GORDA,33980
2146 ABALOM ST,PUNTA GORDA,33980
2154 ABALOM ST,PUNTA GORDA,33980
2162 ABALOM ST,PUNTA GORDA,33980
2170 ABALOM ST,PUNTA GORDA,33980
2171 ABALOM ST,PUNTA GORDA,33980
2178 ABALOM ST,PUNTA GORDA,33980
2179 ABALOM ST,PUNTA GORDA,33980
2194 ABALOM ST,PUNTA GORDA,33980
2202 ABALOM ST,PUNTA GORDA,33980
2210 ABALOM ST,PUNTA GORDA,33980
14475 ABALONE RD,PORT CHARLOTTE,33981
14491 ABALONE RD,PORT CHARLOTTE,33981
17303 ABBOTT AVE,PORT CHARLOTTE,33954
17329 ABBOTT AVE,PORT CHARLOTTE,33954
17336 ABBOTT AVE,PORT CHARLOTTE,33954
17337 ABBOTT AVE,PORT CHARLOTTE,33954
17345 ABBOTT AVE,PORT CHARLOTTE,33954
17352 ABBOTT AVE,PORT CHARLOTTE,33954
17353 ABBOTT AVE,PORT CHARLOTTE,33954
17368 ABBOTT AVE,PORT CHARLOTTE,33954
17369 ABBOTT AVE,PORT CHARLOTTE,33954
17378 ABBOTT AVE,PORT CHARLOTTE,33954
17392 ABBOTT AVE,PORT CHARLOTTE,33954
17393 ABBOTT AVE,PORT CHARLOTTE,33954
17403 ABBOTT AVE,PORT CHARLOTTE,33954
17411 ABBOTT AVE,PORT CHARLOTTE,33954
17419 ABBOTT AVE,PORT CHARLOTTE,33954
17427 ABBOTT AVE,PORT CHARLOTTE,33954
17435 ABBOTT AVE,PORT CHARLOTTE,33954
17443 ABBOTT AVE,PORT CHARLOTTE,33954
17451 ABBOTT AVE,PORT CHARLOTTE,33954
17467 ABBOTT AVE,PORT CHARLOTTE,33954
17483 ABBOTT AVE,PORT CHARLOTTE,33954
17491 ABBOTT AVE,PORT CHARLOTTE,33954
17499 ABBOTT AVE,PORT CHARLOTTE,33954
1 ABEAM CT,PLACIDA,33946
2 ABEAM CT,PLACIDA,33946
3 ABEAM CT,PLACIDA,33946
4 ABEAM CT,PLACIDA,33946
5 ABEAM CT,PLACIDA,33946
6 ABEAM CT,PLACIDA,33946
7 ABEAM CT,PLACIDA,33946
8 ABEAM CT,PLACIDA,33946
9 ABEAM CT,PLACIDA,33946
10 ABEAM CT,PLACIDA,33946
1482 ABEL ST,PORT CHARLOTTE,33952
1492 ABEL ST,PORT CHARLOTTE,33952
1500 ABEL ST,PORT CHARLOTTE,33952
1501 ABEL ST,PORT CHARLOTTE,33952
1508 ABEL ST,PORT CHARLOTTE,33952
1509 ABEL ST,PORT CHARLOTTE,33952
1516 ABEL ST,PORT CHARLOTTE,33952
1517 ABEL ST,PORT CHARLOTTE,33952
1524 ABEL ST,PORT CHARLOTTE,33952
232 ABELARD ST,PORT CHARLOTTE,33953
240 ABELARD ST,PORT CHARLOTTE,33953
248 ABELARD ST,PORT CHARLOTTE,33953
256 ABELARD ST,PORT CHARLOTTE,33953
264 ABELARD ST,PORT CHARLOTTE,33953
272 ABELARD ST,PORT CHARLOTTE,33953
278 ABELARD ST,PORT CHARLOTTE,33953
279 ABELARD ST,PORT CHARLOTTE,33953
286 ABELARD ST,PORT CHARLOTTE,33953
296 ABELARD ST,PORT CHARLOTTE,33953
23144 ABELINE AVE,PUNTA GORDA,33980
23185 ABELINE AVE,PUNTA GORDA,33980
23190 ABELINE AVE,PUNTA GORDA,33980
23193 ABELINE AVE,PUNTA GORDA,33980
23198 ABELINE AVE,PUNTA GORDA,33980
23201 ABELINE AVE,PUNTA GORDA,33980
23205 ABELINE AVE,PUNTA GORDA,33980
23206 ABELINE AVE,PUNTA GORDA,33980
23209 ABELINE AVE,PUNTA GORDA,33980
23214 ABELINE AVE,PUNTA GORDA,33980
23217 ABELINE AVE,PUNTA GORDA,33980
23222 ABELINE AVE,PUNTA GORDA,33980
23225 ABELINE AVE,PUNTA GORDA,33980
23230 ABELINE AVE,PUNTA GORDA,33980
23233 ABELINE AVE,PUNTA GORDA,33980
23238 ABELINE AVE,PUNTA GORDA,33980
23241 ABELINE AVE,PUNTA GORDA,33980
23246 ABELINE AVE,PUNTA GORDA,33980
23249 ABELINE AVE,PUNTA GORDA,33980
23254 ABELINE AVE,PUNTA GORDA,33980
23257 ABELINE AVE,PUNTA GORDA,33980
23262 ABELINE AVE,PUNTA GORDA,33980
23265 ABELINE AVE,PUNTA GORDA,33980
23270 ABELINE AVE,PUNTA GORDA,33980
23273 ABELINE AVE,PUNTA GORDA,33980
23280 ABELINE AVE,PUNTA GORDA,33980
23281 ABELINE AVE,PUNTA GORDA,33980
23141 ABERDEEN AVE,PORT CHARLOTTE,33952
23144 ABERDEEN AVE,PORT CHARLOTTE,33952
23149 ABERDEEN AVE,PORT CHARLOTTE,33952
23152 ABERDEEN AVE,PORT CHARLOTTE,33952
23157 ABERDEEN AVE,PORT CHARLOTTE,33952
23160 ABERDEEN AVE,PORT CHARLOTTE,33952
23167 ABERDEEN AVE,PORT CHARLOTTE,33952
23168 ABERDEEN AVE,PORT CHARLOTTE,33952
23175 ABERDEEN AVE,PORT CHARLOTTE,33952
23176 ABERDEEN AVE,PORT CHARLOTTE,33952
23183 ABERDEEN AVE,PORT CHARLOTTE,33952
23184 ABERDEEN AVE,PORT CHARLOTTE,33952
23192 ABERDEEN AVE,PORT CHARLOTTE,33952
23193 ABERDEEN AVE,PORT CHARLOTTE,33952
23200 ABERDEEN AVE,PORT CHARLOTTE,33952
23201 ABERDEEN AVE,PORT CHARLOTTE,33952
23208 ABERDEEN AVE,PORT CHARLOTTE,33952
23209 ABERDEEN AVE,PORT CHARLOTTE,33952
23216 ABERDEEN AVE,PORT CHARLOTTE,33952
23217 ABERDEEN AVE,PORT CHARLOTTE,33952
23225 ABERDEEN AVE,PORT CHARLOTTE,33952
23232 ABERDEEN AVE,PORT CHARLOTTE,33952
23233 ABERDEEN AVE,PORT CHARLOTTE,33952
23240 ABERDEEN AVE,PORT CHARLOTTE,33952
23245 ABERDEEN AVE,PORT CHARLOTTE,33952
23246 ABERDEEN AVE,PORT CHARLOTTE,33952
23248 ABERDEEN AVE,PORT CHARLOTTE,33952
23258 ABERDEEN AVE,PORT CHARLOTTE,33952
23263 ABERDEEN AVE,PORT CHARLOTTE,33952
23274 ABERDEEN AVE,PORT CHARLOTTE,33952
23283 ABERDEEN AVE,PORT CHARLOTTE,33952
23284 ABERDEEN AVE,PORT CHARLOTTE,33952
23299 ABERDEEN AVE,PORT CHARLOTTE,33952
23300 ABERDEEN AVE,PORT CHARLOTTE,33952
23315 ABERDEEN AVE,PORT CHARLOTTE,33952
23346 ABERDEEN AVE,PORT CHARLOTTE,33952
23356 ABERDEEN AVE,PORT CHARLOTTE,33952
23363 ABERDEEN AVE,PORT CHARLOTTE,33952
23378 ABERDEEN AVE,PORT CHARLOTTE,33952
23403 ABERDEEN AVE,PORT CHARLOTTE,33952
23410 ABERDEEN AVE,PORT CHARLOTTE,33952
23411 ABERDEEN AVE,PORT CHARLOTTE,33952
23419 ABERDEEN AVE,PORT CHARLOTTE,33952
23420 ABERDEEN AVE,PORT CHARLOTTE,33952
23427 ABERDEEN AVE,PORT CHARLOTTE,33952
23428 ABERDEEN AVE,PORT CHARLOTTE,33952
23435 ABERDEEN AVE,PORT CHARLOTTE,33952
23436 ABERDEEN AVE,PORT CHARLOTTE,33952
23443 ABERDEEN AVE,PORT CHARLOTTE,33952
23444 ABERDEEN AVE,PORT CHARLOTTE,33952
23453 ABERDEEN AVE,PORT CHARLOTTE,33952
23480 ABERS AVE,PUNTA GORDA,33980
23501 ABERS AVE,PUNTA GORDA,33980
23509 ABERS AVE,PUNTA GORDA,33980
23527 ABERS AVE,PUNTA GORDA,33980
19203 ABHENRY CIR,PORT CHARLOTTE,33948
19217 ABHENRY CIR,PORT CHARLOTTE,33948
19218 ABHENRY CIR,PORT CHARLOTTE,33948
19225 ABHENRY CIR,PORT CHARLOTTE,33948
19226 ABHENRY CIR,PORT CHARLOTTE,33948
19233 ABHENRY CIR,PORT CHARLOTTE,33948
19234 ABHENRY CIR,PORT CHARLOTTE,33948
19241 ABHENRY CIR,PORT CHARLOTTE,33948
19242 ABHENRY CIR,PORT CHARLOTTE,33948
19251 ABHENRY CIR,PORT CHARLOTTE,33948
19265 ABHENRY CIR,PORT CHARLOTTE,33948
19266 ABHENRY CIR,PORT CHARLOTTE,33948
19283 ABHENRY CIR,PORT CHARLOTTE,33948
19285 ABHENRY CIR,PORT CHARLOTTE,33948
19286 ABHENRY CIR,PORT CHARLOTTE,33948
19292 ABHENRY CIR,PORT CHARLOTTE,33948
19293 ABHENRY CIR,PORT CHARLOTTE,33948
19301 ABHENRY CIR,PORT CHARLOTTE,33948
19309 ABHENRY CIR,PORT CHARLOTTE,33948
19317 ABHENRY CIR,PORT CHARLOTTE,33948
19327 ABHENRY CIR,PORT CHARLOTTE,33948
19348 ABHENRY CIR,PORT CHARLOTTE,33948
19349 ABHENRY CIR,PORT CHARLOTTE,33948
19358 ABHENRY CIR,PORT CHARLOTTE,33948
19359 ABHENRY CIR,PORT CHARLOTTE,33948
19367 ABHENRY CIR,PORT CHARLOTTE,33948
19371 ABHENRY CIR,PORT CHARLOTTE,33948
19374 ABHENRY CIR,PORT CHARLOTTE,33948
19375 ABHENRY CIR,PORT CHARLOTTE,33948
19383 ABHENRY CIR,PORT CHARLOTTE,33948
19390 ABHENRY CIR,PORT CHARLOTTE,33948
19391 ABHENRY CIR,PORT CHARLOTTE,33948
19399 ABHENRY CIR,PORT CHARLOTTE,33948
19406 ABHENRY CIR,PORT CHARLOTTE,33948
19407 ABHENRY CIR,PORT CHARLOTTE,33948
19414 ABHENRY CIR,PORT CHARLOTTE,33948
19415 ABHENRY CIR,PORT CHARLOTTE,33948
19422 ABHENRY CIR,PORT CHARLOTTE,33948
19423 ABHENRY CIR,PORT CHARLOTTE,33948
1205 ABNER ST,PUNTA GORDA,33980
1213 ABNER ST,PUNTA GORDA,33980
1221 ABNER ST,PUNTA GORDA,33980
1229 ABNER ST,PORT CHARLOTTE,33980
1231 ABNER ST,PUNTA GORDA,33980
1237 ABNER ST,PUNTA GORDA,33980
1245 ABNER ST,PUNTA GORDA,33980
1253 ABNER ST,PUNTA GORDA,33980
1261 ABNER ST,PUNTA GORDA,33980
1269 ABNER ST,PUNTA GORDA,33980
1277 ABNER ST,PUNTA GORDA,33980
1285 ABNER ST,PUNTA GORDA,33980
1293 ABNER ST,PUNTA GORDA,33980
1295 ABNER ST,PUNTA GORDA,33980
1301 ABNER ST,PUNTA GORDA,33980
1309 ABNER ST,PUNTA GORDA,33980
1312 ABNER ST,PUNTA GORDA,33980
1319 ABNER ST,PUNTA GORDA,33980
1335 ABNER ST,PUNTA GORDA,33980
1337 ABNER ST,PUNTA GORDA,33980
1338 ABNER ST,PUNTA GORDA,33980
1345 ABNER ST,PUNTA GORDA,33980
1353 ABNER ST,PUNTA GORDA,33980
1361 ABNER ST,PUNTA GORDA,33980
1369 ABNER ST,PUNTA GORDA,33980
1370 ABNER ST,PUNTA GORDA,33980
1377 ABNER ST,PUNTA GORDA,33980
1378 ABNER ST,PUNTA GORDA,33980
1385 ABNER ST,PUNTA GORDA,33980
1386 ABNER ST,PUNTA GORDA,33980
1393 ABNER ST,PUNTA GORDA,33980
23191 ABRADE AVE,PUNTA GORDA,33980
23199 ABRADE AVE,PUNTA GORDA,33980
23200 ABRADE AVE,PUNTA GORDA,33980
23207 ABRADE AVE,PUNTA GORDA,33980
23208 ABRADE AVE,PUNTA GORDA,33980
23214 ABRADE AVE,PUNTA GORDA,33980
23215 ABRADE AVE,PUNTA GORDA,33980
23216 ABRADE AVE,PORT CHARLOTTE,33980
23223 ABRADE AVE,PUNTA GORDA,33980
23224 ABRADE AVE,PUNTA GORDA,33980
23231 ABRADE AVE,PUNTA GORDA,33980
23232 ABRADE AVE,PUNTA GORDA,33980
23239 ABRADE AVE,PUNTA GORDA,33980
23240 ABRADE AVE,PUNTA GORDA,33980
23247 ABRADE AVE,PUNTA GORDA,33980
23248 ABRADE AVE,PUNTA GORDA,33980
23255 ABRADE AVE,PUNTA GORDA,33980
23256 ABRADE AVE,PUNTA GORDA,33980
23263 ABRADE AVE,PUNTA GORDA,33980
23264 ABRADE AVE,PUNTA GORDA,33980
23271 ABRADE AVE,PUNTA GORDA,33980
23272 ABRADE AVE,PUNTA GORDA,33980
23281 ABRADE AVE,PUNTA GORDA,33980
23295 ABRADE AVE,PUNTA GORDA,33980
23296 ABRADE AVE,PUNTA GORDA,33980
23303 ABRADE AVE,PUNTA GORDA,33980
23304 ABRADE AVE,PUNTA GORDA,33980
23311 ABRADE AVE,PUNTA GORDA,33980
23312 ABRADE AVE,PUNTA GORDA,33980
23319 ABRADE AVE,PUNTA GORDA,33980
23320 ABRADE AVE,PUNTA GORDA,33980
23327 ABRADE AVE,PUNTA GORDA,33980
23328 ABRADE AVE,PUNTA GORDA,33980
23335 ABRADE AVE,PUNTA GORDA,33980
23336 ABRADE AVE,PUNTA GORDA,33980
23343 ABRADE AVE,PUNTA GORDA,33980
23344 ABRADE AVE,PUNTA GORDA,33980
23351 ABRADE AVE,PUNTA GORDA,33980
23352 ABRADE AVE,PUNTA GORDA,33980
23367 ABRADE AVE,PUNTA GORDA,33980
23368 ABRADE AVE,PUNTA GORDA,33980
23376 ABRADE AVE,PORT CHARLOTTE,33980
23383 ABRADE AVE,PUNTA GORDA,33980
23384 ABRADE AVE,PUNTA GORDA,33980
23391 ABRADE AVE,PUNTA GORDA,33980
23392 ABRADE AVE,PUNTA GORDA,33980
23399 ABRADE AVE,PUNTA GORDA,33980
23400 ABRADE AVE,PUNTA GORDA,33980
23407 ABRADE AVE,PUNTA GORDA,33980
23408 ABRADE AVE,PUNTA GORDA,33980
12134 ABRAMS AVE,PORT CHARLOTTE,33981
12144 ABRAMS AVE,PORT CHARLOTTE,33981
12152 ABRAMS AVE,PORT CHARLOTTE,33981
12168 ABRAMS AVE,PORT CHARLOTTE,33981
12176 ABRAMS AVE,PORT CHARLOTTE,33981
12184 ABRAMS AVE,PORT CHARLOTTE,33981
12192 ABRAMS AVE,PORT CHARLOTTE,33981
12200 ABRAMS AVE,PORT CHARLOTTE,33981
12208 ABRAMS AVE,PORT CHARLOTTE,33981
12216 ABRAMS AVE,PORT CHARLOTTE,33981
12224 ABRAMS AVE,PORT CHARLOTTE,33981
12232 ABRAMS AVE,PORT CHARLOTTE,33981
12240 ABRAMS AVE,PORT CHARLOTTE,33981
12248 ABRAMS AVE,PORT CHARLOTTE,33981
12258 ABRAMS AVE,PORT CHARLOTTE,33981
1303 ABSCOTT ST,PORT CHARLOTTE,33952
1304 ABSCOTT ST,PORT CHARLOTTE,33952
1311 ABSCOTT ST,PORT CHARLOTTE,33952
1312 ABSCOTT ST,PORT CHARLOTTE,33952
1314 ABSCOTT ST,PORT CHARLOTTE,33952
1319 ABSCOTT ST,PORT CHARLOTTE,33952
1320 ABSCOTT ST,PORT CHARLOTTE,33952
1327 ABSCOTT ST,PORT CHARLOTTE,33952
1328 ABSCOTT ST,PORT CHARLOTTE,33952
1335 ABSCOTT ST,PORT CHARLOTTE,33952
1336 ABSCOTT ST,PORT CHARLOTTE,33952
1343 ABSCOTT ST,PORT CHARLOTTE,33952
1344 ABSCOTT ST,PORT CHARLOTTE,33952
1345 ABSCOTT ST,PORT CHARLOTTE,33952
1351 ABSCOTT ST,PORT CHARLOTTE,33952
1352 ABSCOTT ST,PORT CHARLOTTE,33952
1359 ABSCOTT ST,PORT CHARLOTTE,33952
1360 ABSCOTT ST,PORT CHARLOTTE,33952
1365 ABSCOTT ST,PORT CHARLOTTE,33952
1367 ABSCOTT ST,PORT CHARLOTTE,33952
1370 ABSCOTT ST,PORT CHARLOTTE,33952
1375 ABSCOTT ST,PORT CHARLOTTE,33952
1404 ABSCOTT ST,PORT CHARLOTTE,33952
1411 ABSCOTT ST,PORT CHARLOTTE,33952
1419 ABSCOTT ST,PORT CHARLOTTE,33952
1420 ABSCOTT ST,PORT CHARLOTTE,33952
1427 ABSCOTT ST,PORT CHARLOTTE,33952
1428 ABSCOTT ST,PORT CHARLOTTE,33952
1433 ABSCOTT ST,PORT CHARLOTTE,33952
1435 ABSCOTT ST,PORT CHARLOTTE,33952
1436 ABSCOTT ST,PORT CHARLOTTE,33952
1443 ABSCOTT ST,PORT CHARLOTTE,33952
1444 ABSCOTT ST,PORT CHARLOTTE,33952
1448 ABSCOTT ST,PORT CHARLOTTE,33952
1451 ABSCOTT ST,PORT CHARLOTTE,33952
1452 ABSCOTT ST,PORT CHARLOTTE,33952
1457 ABSCOTT ST,PORT CHARLOTTE,33952
1459 ABSCOTT ST,PORT CHARLOTTE,33952
1460 ABSCOTT ST,PORT CHARLOTTE,33952
1467 ABSCOTT ST,PORT CHARLOTTE,33952
1468 ABSCOTT ST,PORT CHARLOTTE,33952
1475 ABSCOTT ST,PORT CHARLOTTE,33952
1476 ABSCOTT ST,PORT CHARLOTTE,33952
1483 ABSCOTT ST,PORT CHARLOTTE,33952
1484 ABSCOTT ST,PORT CHARLOTTE,33952
1486 ABSCOTT ST,PORT CHARLOTTE,33952
1491 ABSCOTT ST,PORT CHARLOTTE,33952
1492 ABSCOTT ST,PORT CHARLOTTE,33952
1499 ABSCOTT ST,PORT CHARLOTTE,33952
1500 ABSCOTT ST,PORT CHARLOTTE,33952
1503 ABSCOTT ST,PORT CHARLOTTE,33952
1507 ABSCOTT ST,PORT CHARLOTTE,33952
1508 ABSCOTT ST,PORT CHARLOTTE,33952
1509 ABSCOTT ST,PORT CHARLOTTE,33952
1515 ABSCOTT ST,PORT CHARLOTTE,33952
1516 ABSCOTT ST,PORT CHARLOTTE,33952
1524 ABSCOTT ST,PORT CHARLOTTE,33952
1525 ABSCOTT ST,PORT CHARLOTTE,33952
1527 ABSCOTT ST,PORT CHARLOTTE,33952
1529 ABSCOTT ST,PORT CHARLOTTE,33952
1532 ABSCOTT ST,PORT CHARLOTTE,33952
1540 ABSCOTT ST,PORT CHARLOTTE,33952
1541 ABSCOTT ST,PORT CHARLOTTE,33952
1542 ABSCOTT ST,PORT CHARLOTTE,33952
1548 ABSCOTT ST,PORT CHARLOTTE,33952
1549 ABSCOTT ST,PORT CHARLOTTE,33952
1556 ABSCOTT ST,PORT CHARLOTTE,33952
1557 ABSCOTT ST,PORT CHARLOTTE,33952
1564 ABSCOTT ST,PORT CHARLOTTE,33952
1565 ABSCOTT ST,PORT CHARLOTTE,33952
1572 ABSCOTT ST,PORT CHARLOTTE,33952
1573 ABSCOTT ST,PORT CHARLOTTE,33952
1576 ABSCOTT ST,PORT CHARLOTTE,33952
1580 ABSCOTT ST,PORT CHARLOTTE,33952
1581 ABSCOTT ST,PORT CHARLOTTE,33952
1588 ABSCOTT ST,PORT CHARLOTTE,33952
1589 ABSCOTT ST,PORT CHARLOTTE,33952
1596 ABSCOTT ST,PORT CHARLOTTE,33952
1597 ABSCOTT ST,PORT CHARLOTTE,33952
1604 ABSCOTT ST,PORT CHARLOTTE,33952
1605 ABSCOTT ST,PORT CHARLOTTE,33952
1612 ABSCOTT ST,PORT CHARLOTTE,33952
1613 ABSCOTT ST,PORT CHARLOTTE,33952
1620 ABSCOTT ST,PORT CHARLOTTE,33952
1621 ABSCOTT ST,PORT CHARLOTTE,33952
1628 ABSCOTT ST,PORT CHARLOTTE,33952
1629 ABSCOTT ST,PORT CHARLOTTE,33952
1636 ABSCOTT ST,PORT CHARLOTTE,33952
1637 ABSCOTT ST,PORT CHARLOTTE,33952
1645 ABSCOTT ST,PORT CHARLOTTE,33952
2131 ABSCOTT ST,PORT CHARLOTTE,33952
2132 ABSCOTT ST,PORT CHARLOTTE,33952
2135 ABSCOTT ST,PORT CHARLOTTE,33952
2139 ABSCOTT ST,PORT CHARLOTTE,33952
2140 ABSCOTT ST,PORT CHARLOTTE,33952
2147 ABSCOTT ST,PORT CHARLOTTE,33952
2148 ABSCOTT ST,PORT CHARLOTTE,33952
2155 ABSCOTT ST,PORT CHARLOTTE,33952
2156 ABSCOTT ST,PORT CHARLOTTE,33952
2163 ABSCOTT ST,PORT CHARLOTTE,33952
2164 ABSCOTT ST,PORT CHARLOTTE,33952
2171 ABSCOTT ST,PORT CHARLOTTE,33952
2172 ABSCOTT ST,PORT CHARLOTTE,33952
2177 ABSCOTT ST,PORT CHARLOTTE,33952
2179 ABSCOTT ST,PORT CHARLOTTE,33952
2180 ABSCOTT ST,PORT CHARLOTTE,33952
2187 ABSCOTT ST,PORT CHARLOTTE,33952
2188 ABSCOTT ST,PORT CHARLOTTE,33952
2195 ABSCOTT ST,PORT CHARLOTTE,33952
2196 ABSCOTT ST,PORT CHARLOTTE,33952
2203 ABSCOTT ST,PORT CHARLOTTE,33952
2204 ABSCOTT ST,PORT CHARLOTTE,33952
2211 ABSCOTT ST,PORT CHARLOTTE,33952
2212 ABSCOTT ST,PORT CHARLOTTE,33952
2219 ABSCOTT ST,PORT CHARLOTTE,33952
2220 ABSCOTT ST,PORT CHARLOTTE,33952
2227 ABSCOTT ST,PORT CHARLOTTE,33952
2228 ABSCOTT ST,PORT CHARLOTTE,33952
2235 ABSCOTT ST,PORT CHARLOTTE,33952
2236 ABSCOTT ST,PORT CHARLOTTE,33952
2243 ABSCOTT ST,PORT CHARLOTTE,33952
2244 ABSCOTT ST,PORT CHARLOTTE,33952
2245 ABSCOTT ST,PORT CHARLOTTE,33952
2250 ABSCOTT ST,PORT CHARLOTTE,33952
2251 ABSCOTT ST,PORT CHARLOTTE,33952
2252 ABSCOTT ST,PORT CHARLOTTE,33952
2259 ABSCOTT ST,PORT CHARLOTTE,33952
2260 ABSCOTT ST,PORT CHARLOTTE,33952
2268 ABSCOTT ST,PORT CHARLOTTE,33952
2276 ABSCOTT ST,PORT CHARLOTTE,33952
2284 ABSCOTT ST,PORT CHARLOTTE,33952
2288 ABSCOTT ST,PORT CHARLOTTE,33952
2290 ABSCOTT ST,PORT CHARLOTTE,33952
2291 ABSCOTT ST,PORT CHARLOTTE,33952
2292 ABSCOTT ST,PORT CHARLOTTE,33952
2299 ABSCOTT ST,PORT CHARLOTTE,33952
2300 ABSCOTT ST,PORT CHARLOTTE,33952
2307 ABSCOTT ST,PORT CHARLOTTE,33952
2315 ABSCOTT ST,PORT CHARLOTTE,33952
2316 ABSCOTT ST,PORT CHARLOTTE,33952
2323 ABSCOTT ST,PORT CHARLOTTE,33952
2324 ABSCOTT ST,PORT CHARLOTTE,33952
2331 ABSCOTT ST,PORT CHARLOTTE,33952
2332 ABSCOTT ST,PORT CHARLOTTE,33952
2339 ABSCOTT ST,PORT CHARLOTTE,33952
2340 ABSCOTT ST,PORT CHARLOTTE,33952
2347 ABSCOTT ST,PORT CHARLOTTE,33952
2348 ABSCOTT ST,PORT CHARLOTTE,33952
2355 ABSCOTT ST,PORT CHARLOTTE,33952
2356 ABSCOTT ST,PORT CHARLOTTE,33952
2364 ABSCOTT ST,PORT CHARLOTTE,33952
2372 ABSCOTT ST,PORT CHARLOTTE,33952
2380 ABSCOTT ST,PORT CHARLOTTE,33952
2388 ABSCOTT ST,PORT CHARLOTTE,33952
2396 ABSCOTT ST,PORT CHARLOTTE,33952
2404 ABSCOTT ST,PORT CHARLOTTE,33952
2412 ABSCOTT ST,PORT CHARLOTTE,33952
2420 ABSCOTT ST,PORT CHARLOTTE,33952
2427 ABSCOTT ST,PORT CHARLOTTE,33952
2428 ABSCOTT ST,PORT CHARLOTTE,33952
2436 ABSCOTT ST,PORT CHARLOTTE,33952
2437 ABSCOTT ST,PORT CHARLOTTE,33952
2443 ABSCOTT ST,PORT CHARLOTTE,33952
2444 ABSCOTT ST,PORT CHARLOTTE,33952
2448 ABSCOTT ST,PORT CHARLOTTE,33952
2450 ABSCOTT ST,PORT CHARLOTTE,33952
2455 ABSCOTT ST,PORT CHARLOTTE,33952
2456 ABSCOTT ST,PORT CHARLOTTE,33952
2468 ABSCOTT ST,PORT CHARLOTTE,33952
2473 ABSCOTT ST,PORT CHARLOTTE,33952
2474 ABSCOTT ST,PORT CHARLOTTE,33952
2481 ABSCOTT ST,PORT CHARLOTTE,33952
2482 ABSCOTT ST,PORT CHARLOTTE,33952
2489 ABSCOTT ST,PORT CHARLOTTE,33952
2490 ABSCOTT ST,PORT CHARLOTTE,33952
2497 ABSCOTT ST,PORT CHARLOTTE,33952
2498 ABSCOTT ST,PORT CHARLOTTE,33952
2505 ABSCOTT ST,PORT CHARLOTTE,33952
2515 ABSCOTT ST,PORT CHARLOTTE,33952
2531 ABSCOTT ST,PORT CHARLOTTE,33952
22211 ABURTO LN,PORT CHARLOTTE,33952
22231 ABURTO LN,PORT CHARLOTTE,33952
22240 ABURTO LN,PORT CHARLOTTE,33952
22241 ABURTO LN,PORT CHARLOTTE,33952
22251 ABURTO LN,PORT CHARLOTTE,33952
22260 ABURTO LN,PORT CHARLOTTE,33952
13453 ABUTILON LN,PORT CHARLOTTE,33981
13469 ABUTILON LN,PORT CHARLOTTE,33981
13501 ABUTILON LN,PORT CHARLOTTE,33981
13509 ABUTILON LN,PORT CHARLOTTE,33981
13517 ABUTILON LN,PORT CHARLOTTE,33981
13525 ABUTILON LN,PORT CHARLOTTE,33981
13533 ABUTILON LN,PORT CHARLOTTE,33981
13541 ABUTILON LN,PORT CHARLOTTE,33981
13549 ABUTILON LN,PORT CHARLOTTE,33981
13557 ABUTILON LN,PORT CHARLOTTE,33981
13565 ABUTILON LN,PORT CHARLOTTE,33981
13575 ABUTILON LN,PORT CHARLOTTE,33981
2301 ACACIA AVE,PUNTA GORDA,33950
2310 ACACIA AVE,PUNTA GORDA,33950
2321 ACACIA AVE,PUNTA GORDA,33950
2325 ACACIA AVE,PUNTA GORDA,33950
2400 ACACIA AVE,PUNTA GORDA,33950
2415 ACACIA AVE,PUNTA GORDA,33950
2420 ACACIA AVE,PUNTA GORDA,33950
2421 ACACIA AVE,PUNTA GORDA,33950
100 ACALYPHA ,PUNTA GORDA,33955
106 ACALYPHA ,PUNTA GORDA,33955
107 ACALYPHA ,PUNTA GORDA,33955
111 ACALYPHA ,PUNTA GORDA,33955
112 ACALYPHA ,PUNTA GORDA,33955
117 ACALYPHA ,PUNTA GORDA,33955
118 ACALYPHA ,PUNTA GORDA,33955
123 ACALYPHA ,PUNTA GORDA,33955
124 ACALYPHA ,PUNTA GORDA,33955
127 ACALYPHA ,PUNTA GORDA,33955
130 ACALYPHA ,PUNTA GORDA,33955
133 ACALYPHA ,PUNTA GORDA,33955
136 ACALYPHA ,PUNTA GORDA,33955
137 ACALYPHA ,PUNTA GORDA,33955
141 ACALYPHA ,PUNTA GORDA,33955
142 ACALYPHA ,PUNTA GORDA,33955
145 ACALYPHA ,PUNTA GORDA,33955
146 ACALYPHA ,PUNTA GORDA,33955
149 ACALYPHA ,PUNTA GORDA,33955
150 ACALYPHA ,PUNTA GORDA,33955
151 ACALYPHA ,PUNTA GORDA,33955
154 ACALYPHA ,PUNTA GORDA,33955
16605 ACAPULCO RD,PUNTA GORDA,33955
16606 ACAPULCO RD,PUNTA GORDA,33955
16615 ACAPULCO RD,PUNTA GORDA,33955
16616 ACAPULCO RD,PUNTA GORDA,33955
16624 ACAPULCO RD,PUNTA GORDA,33955
16625 ACAPULCO RD,PUNTA GORDA,33955
16630 ACAPULCO RD,PUNTA GORDA,33955
16631 ACAPULCO RD,PUNTA GORDA,33955
16633 ACAPULCO RD,PUNTA GORDA,33955
16640 ACAPULCO RD,PUNTA GORDA,33955
16641 ACAPULCO RD,PUNTA GORDA,33955
16648 ACAPULCO RD,PUNTA GORDA,33955
16649 ACAPULCO RD,PUNTA GORDA,33955
16655 ACAPULCO RD,PUNTA GORDA,33955
16657 ACAPULCO RD,PUNTA GORDA,33955
16664 ACAPULCO RD,PUNTA GORDA,33955
16665 ACAPULCO RD,PUNTA GORDA,33955
16673 ACAPULCO RD,PUNTA GORDA,33955
16677 ACAPULCO RD,PUNTA GORDA,33955
16680 ACAPULCO RD,PUNTA GORDA,33955
16681 ACAPULCO RD,PUNTA GORDA,33955
16685 ACAPULCO RD,PUNTA GORDA,33955
16689 ACAPULCO RD,PUNTA GORDA,33955
16697 ACAPULCO RD,PUNTA GORDA,33955
16701 ACAPULCO RD,PUNTA GORDA,33955
16705 ACAPULCO RD,PUNTA GORDA,33955
16709 ACAPULCO RD,PUNTA GORDA,33955
16717 ACAPULCO RD,PUNTA GORDA,33955
16725 ACAPULCO RD,PUNTA GORDA,33955
16733 ACAPULCO RD,PUNTA GORDA,33955
16741 ACAPULCO RD,PUNTA GORDA,33955
16749 ACAPULCO RD,PUNTA GORDA,33955
16757 ACAPULCO RD,PUNTA GORDA,33955
16811 ACAPULCO RD,PUNTA GORDA,33955
16819 ACAPULCO RD,PUNTA GORDA,33955
16827 ACAPULCO RD,PUNTA GORDA,33955
16835 ACAPULCO RD,PUNTA GORDA,33955
16843 ACAPULCO RD,PUNTA GORDA,33955
16851 ACAPULCO RD,PUNTA GORDA,33955
16855 ACAPULCO RD,PUNTA GORDA,33955
16859 ACAPULCO RD,PUNTA GORDA,33955
16867 ACAPULCO RD,PUNTA GORDA,33955
16875 ACAPULCO RD,PUNTA GORDA,33955
16883 ACAPULCO RD,PUNTA GORDA,33955
16891 ACAPULCO RD,PUNTA GORDA,33955
16899 ACAPULCO RD,PUNTA GORDA,33955
16907 ACAPULCO RD,PUNTA GORDA,33955
16915 ACAPULCO RD,PUNTA GORDA,33955
16923 ACAPULCO RD,PUNTA GORDA,33955
16931 ACAPULCO RD,PUNTA GORDA,33955
16939 ACAPULCO RD,PUNTA GORDA,33955
16947 ACAPULCO RD,PUNTA GORDA,33955
16971 ACAPULCO RD,PUNTA GORDA,33955
16979 ACAPULCO RD,PUNTA GORDA,33955
16987 ACAPULCO RD,PUNTA GORDA,33955
16995 ACAPULCO RD,PUNTA GORDA,33955
17010 ACAPULCO RD,PUNTA GORDA,33955
17048 ACAPULCO RD,PUNTA GORDA,33955
17064 ACAPULCO RD,PUNTA GORDA,33955
17074 ACAPULCO RD,PUNTA GORDA,33955
17084 ACAPULCO RD,PUNTA GORDA,33955
17094 ACAPULCO RD,PUNTA GORDA,33955
17107 ACAPULCO RD,PUNTA GORDA,33955
17117 ACAPULCO RD,PUNTA GORDA,33955
17127 ACAPULCO RD,PUNTA GORDA,33955
17137 ACAPULCO RD,PUNTA GORDA,33955
17147 ACAPULCO RD,PUNTA GORDA,33955
17157 ACAPULCO RD,PUNTA GORDA,33955
17167 ACAPULCO RD,PUNTA GORDA,33955
17177 ACAPULCO RD,PUNTA GORDA,33955
17187 ACAPULCO RD,PUNTA GORDA,33955
17197 ACAPULCO RD,PUNTA GORDA,33955
17200 ACAPULCO RD,PUNTA GORDA,33955
17210 ACAPULCO RD,PUNTA GORDA,33955
17248 ACAPULCO RD,PUNTA GORDA,33955
17258 ACAPULCO RD,PUNTA GORDA,33955
17268 ACAPULCO RD,PUNTA GORDA,33955
17278 ACAPULCO RD,PUNTA GORDA,33955
17288 ACAPULCO RD,PUNTA GORDA,33955
17298 ACAPULCO RD,PUNTA GORDA,33955
3232 ACCESS RD,ENGLEWOOD,34224
3252 ACCESS RD,ENGLEWOOD,34224
3258 ACCESS RD,ENGLEWOOD,34224
3262 ACCESS RD,ENGLEWOOD,34224
3264 ACCESS RD,ENGLEWOOD,34224
3270 ACCESS RD,ENGLEWOOD,34224
3274 ACCESS RD,ENGLEWOOD,34224
3278 ACCESS RD,ENGLEWOOD,34224
3280 ACCESS RD,ENGLEWOOD,34224
3282 ACCESS RD,ENGLEWOOD,34224
3284 ACCESS RD,ENGLEWOOD,34224
3294 ACCESS RD,ENGLEWOOD,34224
3318 ACCESS RD,ENGLEWOOD,34224
3324 ACCESS RD,ENGLEWOOD,34224
3332 ACCESS RD,ENGLEWOOD,34224
3338 ACCESS RD,ENGLEWOOD,34224
3344 ACCESS RD,ENGLEWOOD,34224
3372 ACCESS RD,ENGLEWOOD,34224
3374 ACCESS RD,ENGLEWOOD,34224
3376 ACCESS RD,ENGLEWOOD,34224
3378 ACCESS RD,ENGLEWOOD,34224
3380 ACCESS RD,ENGLEWOOD,34224
3382 ACCESS RD,ENGLEWOOD,34224
3384 ACCESS RD,ENGLEWOOD,34224
3386 ACCESS RD,ENGLEWOOD,34224
3396 ACCESS RD,ENGLEWOOD,34224
3414 ACCESS RD,ENGLEWOOD,34224
3456 ACCESS RD,ENGLEWOOD,34224
3502 ACCESS RD,ENGLEWOOD,34224
3518 ACCESS RD,ENGLEWOOD,34224
3524 ACCESS RD,ENGLEWOOD,34224
3526 ACCESS RD,ENGLEWOOD,34224
3542 ACCESS RD,ENGLEWOOD,34224
3560 ACCESS RD,ENGLEWOOD,34224
3578 ACCESS RD,ENGLEWOOD,34224
3582 ACCESS RD,ENGLEWOOD,34224
3610 ACCESS RD,ENGLEWOOD,34224
3630 ACCESS RD,ENGLEWOOD,34224
3650 ACCESS RD,ENGLEWOOD,34224
3670 ACCESS RD,ENGLEWOOD,34224
3680 ACCESS RD,ENGLEWOOD,34224
3690 ACCESS RD,ENGLEWOOD,34224
3700 ACCESS RD,ENGLEWOOD,34224
3706 ACCESS RD,ENGLEWOOD,34224
3720 ACCESS RD,ENGLEWOOD,34224
3734 ACCESS RD,ENGLEWOOD,34224
3736 ACCESS RD,ENGLEWOOD,34224
3740 ACCESS RD,ENGLEWOOD,34224
3754 ACCESS RD,ENGLEWOOD,34224
3762 ACCESS RD,ENGLEWOOD,34224
3776 ACCESS RD,ENGLEWOOD,34224
3782 ACCESS RD,ENGLEWOOD,34224
3790 ACCESS RD,ENGLEWOOD,34224
3908 ACCESS RD,ENGLEWOOD,34224
3936 ACCESS RD,ENGLEWOOD,34224
3940 ACCESS RD,ENGLEWOOD,34224
3952 ACCESS RD,ENGLEWOOD,34224
3968 ACCESS RD,ENGLEWOOD,34224
3972 ACCESS RD,ENGLEWOOD,34224
3976 ACCESS RD,ENGLEWOOD,34224
3980 ACCESS RD,ENGLEWOOD,34224
3984 ACCESS RD,ENGLEWOOD,34224
3988 ACCESS RD,ENGLEWOOD,34224
3990 ACCESS RD,ENGLEWOOD,34224
3992 ACCESS RD,ENGLEWOOD,34224
3996 ACCESS RD,ENGLEWOOD,34224
4000 ACCESS RD,ENGLEWOOD,34224
4008 ACCESS RD,ENGLEWOOD,34224
4012 ACCESS RD,ENGLEWOOD,34224
4020 ACCESS RD,ENGLEWOOD,34224
4024 ACCESS RD,ENGLEWOOD,34224
4028 ACCESS RD,ENGLEWOOD,34224
4032 ACCESS RD,ENGLEWOOD,34224
4040 ACCESS RD,ENGLEWOOD,34224
4056 ACCESS RD,ENGLEWOOD,34224
4064 ACCESS RD,ENGLEWOOD,34224
4072 ACCESS RD,ENGLEWOOD,34224
4076 ACCESS RD,ENGLEWOOD,34224
4080 ACCESS RD,ENGLEWOOD,34224
4100 ACCESS RD,ENGLEWOOD,34224
4104 ACCESS RD,ENGLEWOOD,34224
4114 ACCESS RD,ENGLEWOOD,34224
4200 ACCESS RD,ENGLEWOOD,34224
4206 ACCESS RD,ENGLEWOOD,34224
4212 ACCESS RD,ENGLEWOOD,34224
4230 ACCESS RD,ENGLEWOOD,34224
4236 ACCESS RD,ENGLEWOOD,34224
4250 ACCESS RD,ENGLEWOOD,34224
4254 ACCESS RD,ENGLEWOOD,34224
4260 ACCESS RD,ENGLEWOOD,34224
4266 ACCESS RD,ENGLEWOOD,34224
4272 ACCESS RD,ENGLEWOOD,34224
4278 ACCESS RD,ENGLEWOOD,34224
4284 ACCESS RD,ENGLEWOOD,34224
4290 ACCESS RD,ENGLEWOOD,34224
4296 ACCESS RD,ENGLEWOOD,34224
4300 ACCESS RD,ENGLEWOOD,34224
4318 ACCESS RD,ENGLEWOOD,34224
4324 ACCESS RD,ENGLEWOOD,34224
4330 ACCESS RD,ENGLEWOOD,34224
4336 ACCESS RD,ENGLEWOOD,34224
4348 ACCESS RD,ENGLEWOOD,34224
4372 ACCESS RD,ENGLEWOOD,34224
4386 ACCESS RD,ENGLEWOOD,34224
4414 ACCESS RD,ENGLEWOOD,34224
4422 ACCESS RD,ENGLEWOOD,34224
4430 ACCESS RD,ENGLEWOOD,34224
4438 ACCESS RD,ENGLEWOOD,34224
4446 ACCESS RD,ENGLEWOOD,34224
4454 ACCESS RD,ENGLEWOOD,34224
4462 ACCESS RD,ENGLEWOOD,34224
4470 ACCESS RD,ENGLEWOOD,34224
4478 ACCESS RD,ENGLEWOOD,34224
4518 ACCESS RD,ENGLEWOOD,34224
4526 ACCESS RD,ENGLEWOOD,34224
4534 ACCESS RD,ENGLEWOOD,34224
3155 ACCESS RD,ENGLEWOOD,34224
3195 ACCESS RD,ENGLEWOOD,34224
3197 ACCESS RD,ENGLEWOOD,34224
3201 ACCESS RD,ENGLEWOOD,34224
3203 ACCESS RD,ENGLEWOOD,34224
3205 ACCESS RD,ENGLEWOOD,34224
3213 ACCESS RD,ENGLEWOOD,34224
3217 ACCESS RD,ENGLEWOOD,34224
3221 ACCESS RD,ENGLEWOOD,34224
3225 ACCESS RD,ENGLEWOOD,34224
3229 ACCESS RD,ENGLEWOOD,34224
3233 ACCESS RD,ENGLEWOOD,34224
3237 ACCESS RD,ENGLEWOOD,34224
3241 ACCESS RD,ENGLEWOOD,34224
3245 ACCESS RD,ENGLEWOOD,34224
3253 ACCESS RD,ENGLEWOOD,34224
3257 ACCESS RD,ENGLEWOOD,34224
3261 ACCESS RD,ENGLEWOOD,34224
3265 ACCESS RD,ENGLEWOOD,34224
3269 ACCESS RD,ENGLEWOOD,34224
3273 ACCESS RD,ENGLEWOOD,34224
3277 ACCESS RD,ENGLEWOOD,34224
3279 ACCESS RD,ENGLEWOOD,34224
3281 ACCESS RD,ENGLEWOOD,34224
3283 ACCESS RD,ENGLEWOOD,34224
3285 ACCESS RD,ENGLEWOOD,34224
3289 ACCESS RD,ENGLEWOOD,34224
3291 ACCESS RD,ENGLEWOOD,34224
3293 ACCESS RD,ENGLEWOOD,34224
3295 ACCESS RD,ENGLEWOOD,34224
3305 ACCESS RD,ENGLEWOOD,34224
3311 ACCESS RD,ENGLEWOOD,34224
3315 ACCESS RD,ENGLEWOOD,34224
3325 ACCESS RD,ENGLEWOOD,34224
3345 ACCESS RD,ENGLEWOOD,34224
3355 ACCESS RD,ENGLEWOOD,34224
3365 ACCESS RD,ENGLEWOOD,34224
3379 ACCESS RD,ENGLEWOOD,34224
3385 ACCESS RD,ENGLEWOOD,34224
3387 ACCESS RD,ENGLEWOOD,34224
3389 ACCESS RD,ENGLEWOOD,34224
3391 ACCESS RD,ENGLEWOOD,34224
3393 ACCESS RD,ENGLEWOOD,34224
3395 ACCESS RD,ENGLEWOOD,34224
3397 ACCESS RD,ENGLEWOOD,34224
3399 ACCESS RD,ENGLEWOOD,34224
3401 ACCESS RD,ENGLEWOOD,34224
3409 ACCESS RD,ENGLEWOOD,34224
3421 ACCESS RD,ENGLEWOOD,34224
3427 ACCESS RD,ENGLEWOOD,34224
3431 ACCESS RD,ENGLEWOOD,34224
3437 ACCESS RD,ENGLEWOOD,34224
3441 ACCESS RD,ENGLEWOOD,34224
3449 ACCESS RD,ENGLEWOOD,34224
3455 ACCESS RD,ENGLEWOOD,34224
3461 ACCESS RD,ENGLEWOOD,34224
3475 ACCESS RD,ENGLEWOOD,34224
3481 ACCESS RD,ENGLEWOOD,34224
3487 ACCESS RD,ENGLEWOOD,34224
3495 ACCESS RD,ENGLEWOOD,34224
3519 ACCESS RD,ENGLEWOOD,34224
3539 ACCESS RD,ENGLEWOOD,34224
3555 ACCESS RD,ENGLEWOOD,34224
3579 ACCESS RD,ENGLEWOOD,34224
3597 ACCESS RD,ENGLEWOOD,34224
3601 ACCESS RD,ENGLEWOOD,34224
3611 ACCESS RD,ENGLEWOOD,34224
3631 ACCESS RD,ENGLEWOOD,34224
3639 ACCESS RD,ENGLEWOOD,34224
3641 ACCESS RD,ENGLEWOOD,34224
3651 ACCESS RD,ENGLEWOOD,34224
3661 ACCESS RD,ENGLEWOOD,34224
3671 ACCESS RD,ENGLEWOOD,34224
3681 ACCESS RD,ENGLEWOOD,34224
3691 ACCESS RD,ENGLEWOOD,34224
3701 ACCESS RD,ENGLEWOOD,34224
3717 ACCESS RD,ENGLEWOOD,34224
3725 ACCESS RD,ENGLEWOOD,34224
3733 ACCESS RD,ENGLEWOOD,34224
3741 ACCESS RD,ENGLEWOOD,34224
3765 ACCESS RD,ENGLEWOOD,34224
3773 ACCESS RD,ENGLEWOOD,34224
3781 ACCESS RD,ENGLEWOOD,34224
3789 ACCESS RD,ENGLEWOOD,34224
3797 ACCESS RD,ENGLEWOOD,34224
3801 ACCESS RD,ENGLEWOOD,34224
3811 ACCESS RD,ENGLEWOOD,34224
3821 ACCESS RD,ENGLEWOOD,34224
3861 ACCESS RD,ENGLEWOOD,34224
3921 ACCESS RD,ENGLEWOOD,34224
3929 ACCESS RD,ENGLEWOOD,34224
3937 ACCESS RD,ENGLEWOOD,34224
3941 ACCESS RD,ENGLEWOOD,34224
3945 ACCESS RD,ENGLEWOOD,34224
3949 ACCESS RD,ENGLEWOOD,34224
3969 ACCESS RD,ENGLEWOOD,34224
3973 ACCESS RD,ENGLEWOOD,34224
3979 ACCESS RD,ENGLEWOOD,34224
3985 ACCESS RD,ENGLEWOOD,34224
3993 ACCESS RD,ENGLEWOOD,34224
3997 ACCESS RD,ENGLEWOOD,34224
4001 ACCESS RD,ENGLEWOOD,34224
4005 ACCESS RD,ENGLEWOOD,34224
4009 ACCESS RD,ENGLEWOOD,34224
4013 ACCESS RD,ENGLEWOOD,34224
4017 ACCESS RD,ENGLEWOOD,34224
4021 ACCESS RD,ENGLEWOOD,34224
4025 ACCESS RD,ENGLEWOOD,34224
4029 ACCESS RD,ENGLEWOOD,34224
4033 ACCESS RD,ENGLEWOOD,34224
4037 ACCESS RD,ENGLEWOOD,34224
4041 ACCESS RD,ENGLEWOOD,34224
4045 ACCESS RD,ENGLEWOOD,34224
4049 ACCESS RD,ENGLEWOOD,34224
4053 ACCESS RD,ENGLEWOOD,34224
4057 ACCESS RD,ENGLEWOOD,34224
4061 ACCESS RD,ENGLEWOOD,34224
4069 ACCESS RD,ENGLEWOOD,34224
4073 ACCESS RD,ENGLEWOOD,34224
4077 ACCESS RD,ENGLEWOOD,34224
4081 ACCESS RD,ENGLEWOOD,34224
4087 ACCESS RD,ENGLEWOOD,34224
4089 ACCESS RD,ENGLEWOOD,34224
4201 ACCESS RD,ENGLEWOOD,34224
4205 ACCESS RD,ENGLEWOOD,34224
4211 ACCESS RD,ENGLEWOOD,34224
4221 ACCESS RD,ENGLEWOOD,34224
4225 ACCESS RD,ENGLEWOOD,34224
4241 ACCESS RD,ENGLEWOOD,34224
4245 ACCESS RD,ENGLEWOOD,34224
4259 ACCESS RD,ENGLEWOOD,34224
4263 ACCESS RD,ENGLEWOOD,34224
4267 ACCESS RD,ENGLEWOOD,34224
4271 ACCESS RD,ENGLEWOOD,34224
4275 ACCESS RD,ENGLEWOOD,34224
4283 ACCESS RD,ENGLEWOOD,34224
4287 ACCESS RD,ENGLEWOOD,34224
4291 ACCESS RD,ENGLEWOOD,34224
4295 ACCESS RD,ENGLEWOOD,34224
4299 ACCESS RD,ENGLEWOOD,34224
4303 ACCESS RD,ENGLEWOOD,34224
4307 ACCESS RD,ENGLEWOOD,34224
4311 ACCESS RD,ENGLEWOOD,34224
4315 ACCESS RD,ENGLEWOOD,34224
4319 ACCESS RD,ENGLEWOOD,34224
4327 ACCESS RD,ENGLEWOOD,34224
4331 ACCESS RD,ENGLEWOOD,34224
4335 ACCESS RD,ENGLEWOOD,34224
4339 ACCESS RD,ENGLEWOOD,34224
4343 ACCESS RD,ENGLEWOOD,34224
4347 ACCESS RD,ENGLEWOOD,34224
4351 ACCESS RD,ENGLEWOOD,34224
4355 ACCESS RD,ENGLEWOOD,34224
4363 ACCESS RD,ENGLEWOOD,34224
9389 ACCO AVE,ENGLEWOOD,34224
9397 ACCO AVE,ENGLEWOOD,34224
9399 ACCO AVE,ENGLEWOOD,34224
9406 ACCO AVE,ENGLEWOOD,34224
9407 ACCO AVE,ENGLEWOOD,34224
9414 ACCO AVE,ENGLEWOOD,34224
9415 ACCO AVE,ENGLEWOOD,34224
9422 ACCO AVE,ENGLEWOOD,34224
9423 ACCO AVE,ENGLEWOOD,34224
9430 ACCO AVE,ENGLEWOOD,34224
9431 ACCO AVE,ENGLEWOOD,34224
9434 ACCO AVE,ENGLEWOOD,34224
9438 ACCO AVE,ENGLEWOOD,34224
9439 ACCO AVE,ENGLEWOOD,34224
9447 ACCO AVE,ENGLEWOOD,34224
9493 ACCO AVE,ENGLEWOOD,34224
9458 ACE RD,ENGLEWOOD,34224
9481 ACE RD,ENGLEWOOD,34224
9482 ACE RD,ENGLEWOOD,34224
9487 ACE RD,ENGLEWOOD,34224
9497 ACE RD,ENGLEWOOD,34224
9504 ACE RD,ENGLEWOOD,34224
9505 ACE RD,ENGLEWOOD,34224
9513 ACE RD,ENGLEWOOD,34224
9514 ACE RD,ENGLEWOOD,34224
9521 ACE RD,ENGLEWOOD,34224
9522 ACE RD,ENGLEWOOD,34224
9529 ACE RD,ENGLEWOOD,34224
9530 ACE RD,ENGLEWOOD,34224
9537 ACE RD,ENGLEWOOD,34224
9545 ACE RD,ENGLEWOOD,34224
9552 ACE RD,ENGLEWOOD,34224
1418 ACHILLES ST,PUNTA GORDA,33980
1423 ACHILLES ST,PUNTA GORDA,33980
1424 ACHILLES ST,PUNTA GORDA,33980
1429 ACHILLES ST,PUNTA GORDA,33980
1433 ACHILLES ST,PUNTA GORDA,33980
1434 ACHILLES ST,PORT CHARLOTTE,33980
1441 ACHILLES ST,PUNTA GORDA,33980
1449 ACHILLES ST,PUNTA GORDA,33980
1457 ACHILLES ST,PUNTA GORDA,33980
1465 ACHILLES ST,PORT CHARLOTTE,33980
1473 ACHILLES ST,PUNTA GORDA,33980
1481 ACHILLES ST,PUNTA GORDA,33980
1489 ACHILLES ST,PUNTA GORDA,33980
1497 ACHILLES ST,PUNTA GORDA,33980
1505 ACHILLES ST,PUNTA GORDA,33980
1509 ACHILLES ST,PUNTA GORDA,33980
1513 ACHILLES ST,PUNTA GORDA,33980
1521 ACHILLES ST,PUNTA GORDA,33980
1529 ACHILLES ST,PUNTA GORDA,33980
1537 ACHILLES ST,PUNTA GORDA,33980
1545 ACHILLES ST,PUNTA GORDA,33980
1553 ACHILLES ST,PUNTA GORDA,33980
1561 ACHILLES ST,PUNTA GORDA,33980
1569 ACHILLES ST,PUNTA GORDA,33980
1570 ACHILLES ST,PUNTA GORDA,33980
1573 ACHILLES ST,PUNTA GORDA,33980
1577 ACHILLES ST,PUNTA GORDA,33980
1585 ACHILLES ST,PUNTA GORDA,33980
1586 ACHILLES ST,PUNTA GORDA,33980
1593 ACHILLES ST,PUNTA GORDA,33980
1601 ACHILLES ST,PUNTA GORDA,33980
1609 ACHILLES ST,PUNTA GORDA,33980
1617 ACHILLES ST,PUNTA GORDA,33980
1625 ACHILLES ST,PUNTA GORDA,33980
1633 ACHILLES ST,PUNTA GORDA,33980
1641 ACHILLES ST,PUNTA GORDA,33980
1649 ACHILLES ST,PUNTA GORDA,33980
2133 ACHILLES ST,PUNTA GORDA,33980
2140 ACHILLES ST,PUNTA GORDA,33980
2141 ACHILLES ST,PUNTA GORDA,33980
2148 ACHILLES ST,PUNTA GORDA,33980
2149 ACHILLES ST,PUNTA GORDA,33980
2156 ACHILLES ST,PUNTA GORDA,33980
2157 ACHILLES ST,PUNTA GORDA,33980
2164 ACHILLES ST,PUNTA GORDA,33980
2165 ACHILLES ST,PUNTA GORDA,33980
2172 ACHILLES ST,PUNTA GORDA,33980
2173 ACHILLES ST,PUNTA GORDA,33980
2180 ACHILLES ST,PUNTA GORDA,33980
2181 ACHILLES ST,PUNTA GORDA,33980
2188 ACHILLES ST,PUNTA GORDA,33980
2189 ACHILLES ST,PUNTA GORDA,33980
2196 ACHILLES ST,PUNTA GORDA,33980
2197 ACHILLES ST,PUNTA GORDA,33980
2205 ACHILLES ST,PUNTA GORDA,33980
2213 ACHILLES ST,PUNTA GORDA,33980
2221 ACHILLES ST,PUNTA GORDA,33980
2229 ACHILLES ST,PORT CHARLOTTE,33980
2237 ACHILLES ST,PUNTA GORDA,33980
2245 ACHILLES ST,PUNTA GORDA,33980
2253 ACHILLES ST,PUNTA GORDA,33980
2261 ACHILLES ST,PUNTA GORDA,33980
2269 ACHILLES ST,PUNTA GORDA,33980
2277 ACHILLES ST,PUNTA GORDA,33980
2285 ACHILLES ST,PUNTA GORDA,33980
2293 ACHILLES ST,PUNTA GORDA,33980
2301 ACHILLES ST,PUNTA GORDA,33980
2309 ACHILLES ST,PUNTA GORDA,33980
2310 ACHILLES ST,PUNTA GORDA,33980
2316 ACHILLES ST,PUNTA GORDA,33980
2317 ACHILLES ST,PUNTA GORDA,33980
2322 ACHILLES ST,PUNTA GORDA,33980
2324 ACHILLES ST,PUNTA GORDA,33980
2325 ACHILLES ST,PUNTA GORDA,33980
2332 ACHILLES ST,PUNTA GORDA,33980
2333 ACHILLES ST,PUNTA GORDA,33980
2340 ACHILLES ST,PUNTA GORDA,33980
2341 ACHILLES ST,PUNTA GORDA,33980
2346 ACHILLES ST,PUNTA GORDA,33980
2348 ACHILLES ST,PUNTA GORDA,33980
2349 ACHILLES ST,PUNTA GORDA,33980
2356 ACHILLES ST,PUNTA GORDA,33980
2357 ACHILLES ST,PUNTA GORDA,33980
2360 ACHILLES ST,PUNTA GORDA,33980
2364 ACHILLES ST,PUNTA GORDA,33980
2365 ACHILLES ST,PUNTA GORDA,33980
2372 ACHILLES ST,PUNTA GORDA,33980
2373 ACHILLES ST,PUNTA GORDA,33980
2380 ACHILLES ST,PUNTA GORDA,33980
2381 ACHILLES ST,PUNTA GORDA,33980
2388 ACHILLES ST,PUNTA GORDA,33980
2389 ACHILLES ST,PUNTA GORDA,33980
2396 ACHILLES ST,PUNTA GORDA,33980
2404 ACHILLES ST,PUNTA GORDA,33980
2405 ACHILLES ST,PUNTA GORDA,33980
2411 ACHILLES ST,PUNTA GORDA,33980
2412 ACHILLES ST,PUNTA GORDA,33980
2413 ACHILLES ST,PUNTA GORDA,33980
2423 ACHILLES ST,PUNTA GORDA,33980
2431 ACHILLES ST,PUNTA GORDA,33980
2433 ACHILLES ST,PUNTA GORDA,33980
2438 ACHILLES ST,PUNTA GORDA,33980
2439 ACHILLES ST,PORT CHARLOTTE,33980
2447 ACHILLES ST,PUNTA GORDA,33980
2455 ACHILLES ST,PUNTA GORDA,33980
2463 ACHILLES ST,PUNTA GORDA,33980
2465 ACHILLES ST,PUNTA GORDA,33980
2471 ACHILLES ST,PUNTA GORDA,33980
2478 ACHILLES ST,PUNTA GORDA,33980
2479 ACHILLES ST,PUNTA GORDA,33980
2483 ACHILLES ST,PUNTA GORDA,33980
2487 ACHILLES ST,PUNTA GORDA,33980
2495 ACHILLES ST,PUNTA GORDA,33980
2503 ACHILLES ST,PUNTA GORDA,33980
2511 ACHILLES ST,PUNTA GORDA,33980
2519 ACHILLES ST,PUNTA GORDA,33980
2527 ACHILLES ST,PUNTA GORDA,33980
2534 ACHILLES ST,PUNTA GORDA,33980
2535 ACHILLES ST,PUNTA GORDA,33980
2537 ACHILLES ST,PUNTA GORDA,33980
2543 ACHILLES ST,PUNTA GORDA,33980
2551 ACHILLES ST,PUNTA GORDA,33980
18011 ACKERMAN AVE,PORT CHARLOTTE,33948
18012 ACKERMAN AVE,PORT CHARLOTTE,33948
18021 ACKERMAN AVE,PORT CHARLOTTE,33948
18022 ACKERMAN AVE,PORT CHARLOTTE,33948
18029 ACKERMAN AVE,PORT CHARLOTTE,33948
18030 ACKERMAN AVE,PORT CHARLOTTE,33948
18037 ACKERMAN AVE,PORT CHARLOTTE,33948
18038 ACKERMAN AVE,PORT CHARLOTTE,33948
18045 ACKERMAN AVE,PORT CHARLOTTE,33948
18046 ACKERMAN AVE,PORT CHARLOTTE,33948
18053 ACKERMAN AVE,PORT CHARLOTTE,33948
18054 ACKERMAN AVE,PORT CHARLOTTE,33948
18059 ACKERMAN AVE,PORT CHARLOTTE,33948
18061 ACKERMAN AVE,PORT CHARLOTTE,33948
18062 ACKERMAN AVE,PORT CHARLOTTE,33948
18069 ACKERMAN AVE,PORT CHARLOTTE,33948
18070 ACKERMAN AVE,PORT CHARLOTTE,33948
18077 ACKERMAN AVE,PORT CHARLOTTE,33948
18078 ACKERMAN AVE,PORT CHARLOTTE,33948
18082 ACKERMAN AVE,PORT CHARLOTTE,33948
18086 ACKERMAN AVE,PORT CHARLOTTE,33948
18094 ACKERMAN AVE,PORT CHARLOTTE,33948
18102 ACKERMAN AVE,PORT CHARLOTTE,33948
18110 ACKERMAN AVE,PORT CHARLOTTE,33948
18118 ACKERMAN AVE,PORT CHARLOTTE,33948
18126 ACKERMAN AVE,PORT CHARLOTTE,33948
18134 ACKERMAN AVE,PORT CHARLOTTE,33948
18148 ACKERMAN AVE,PORT CHARLOTTE,33948
18156 ACKERMAN AVE,PORT CHARLOTTE,33948
18157 ACKERMAN AVE,PORT CHARLOTTE,33948
18164 ACKERMAN AVE,PORT CHARLOTTE,33948
18172 ACKERMAN AVE,PORT CHARLOTTE,33948
18180 ACKERMAN AVE,PORT CHARLOTTE,33948
18189 ACKERMAN AVE,PORT CHARLOTTE,33948
18196 ACKERMAN AVE,PORT CHARLOTTE,33948
18197 ACKERMAN AVE,PORT CHARLOTTE,33948
18204 ACKERMAN AVE,PORT CHARLOTTE,33948
18205 ACKERMAN AVE,PORT CHARLOTTE,33948
18212 ACKERMAN AVE,PORT CHARLOTTE,33948
18219 ACKERMAN AVE,PORT CHARLOTTE,33948
18220 ACKERMAN AVE,PORT CHARLOTTE,33948
18227 ACKERMAN AVE,PORT CHARLOTTE,33948
18228 ACKERMAN AVE,PORT CHARLOTTE,33948
18235 ACKERMAN AVE,PORT CHARLOTTE,33948
18236 ACKERMAN AVE,PORT CHARLOTTE,33948
18244 ACKERMAN AVE,PORT CHARLOTTE,33948
18245 ACKERMAN AVE,PORT CHARLOTTE,33948
18252 ACKERMAN AVE,PORT CHARLOTTE,33948
18253 ACKERMAN AVE,PORT CHARLOTTE,33948
18264 ACKERMAN AVE,PORT CHARLOTTE,33948
18265 ACKERMAN AVE,PORT CHARLOTTE,33948
18280 ACKERMAN AVE,PORT CHARLOTTE,33948
18290 ACKERMAN AVE,PORT CHARLOTTE,33948
18298 ACKERMAN AVE,PORT CHARLOTTE,33948
18322 ACKERMAN AVE,PORT CHARLOTTE,33948
18330 ACKERMAN AVE,PORT CHARLOTTE,33948
18337 ACKERMAN AVE,PORT CHARLOTTE,33948
18346 ACKERMAN AVE,PORT CHARLOTTE,33948
18348 ACKERMAN AVE,PORT CHARLOTTE,33948
18353 ACKERMAN AVE,PORT CHARLOTTE,33948
18354 ACKERMAN AVE,PORT CHARLOTTE,33948
18362 ACKERMAN AVE,PORT CHARLOTTE,33948
18370 ACKERMAN AVE,PORT CHARLOTTE,33948
18378 ACKERMAN AVE,PORT CHARLOTTE,33948
18386 ACKERMAN AVE,PORT CHARLOTTE,33948
18410 ACKERMAN AVE,PORT CHARLOTTE,33948
18411 ACKERMAN AVE,PORT CHARLOTTE,33948
18427 ACKERMAN AVE,PORT CHARLOTTE,33948
18428 ACKERMAN AVE,PORT CHARLOTTE,33948
18435 ACKERMAN AVE,PORT CHARLOTTE,33948
18444 ACKERMAN AVE,PORT CHARLOTTE,33948
18452 ACKERMAN AVE,PORT CHARLOTTE,33948
18454 ACKERMAN AVE,PORT CHARLOTTE,33948
18460 ACKERMAN AVE,PORT CHARLOTTE,33948
18468 ACKERMAN AVE,PORT CHARLOTTE,33948
18476 ACKERMAN AVE,PORT CHARLOTTE,33948
18484 ACKERMAN AVE,PORT CHARLOTTE,33948
18492 ACKERMAN AVE,PORT CHARLOTTE,33948
18500 ACKERMAN AVE,PORT CHARLOTTE,33948
18506 ACKERMAN AVE,PORT CHARLOTTE,33948
18507 ACKERMAN AVE,PORT CHARLOTTE,33948
18512 ACKERMAN AVE,PORT CHARLOTTE,33948
18517 ACKERMAN AVE,PORT CHARLOTTE,33948
18534 ACKERMAN AVE,PORT CHARLOTTE,33948
18535 ACKERMAN AVE,PORT CHARLOTTE,33948
18542 ACKERMAN AVE,PORT CHARLOTTE,33948
18549 ACKERMAN AVE,PORT CHARLOTTE,33948
18550 ACKERMAN AVE,PORT CHARLOTTE,33948
18552 ACKERMAN AVE,PORT CHARLOTTE,33948
18566 ACKERMAN AVE,PORT CHARLOTTE,33948
18574 ACKERMAN AVE,PORT CHARLOTTE,33948
18582 ACKERMAN AVE,PORT CHARLOTTE,33948
18590 ACKERMAN AVE,PORT CHARLOTTE,33948
18591 ACKERMAN AVE,PORT CHARLOTTE,33948
18594 ACKERMAN AVE,PORT CHARLOTTE,33948
18598 ACKERMAN AVE,PORT CHARLOTTE,33948
18600 ACKERMAN AVE,PORT CHARLOTTE,33948
18605 ACKERMAN AVE,PORT CHARLOTTE,33948
18614 ACKERMAN AVE,PORT CHARLOTTE,33948
18616 ACKERMAN AVE,PORT CHARLOTTE,33948
18620 ACKERMAN AVE,PORT CHARLOTTE,33948
18621 ACKERMAN AVE,PORT CHARLOTTE,33948
18630 ACKERMAN AVE,PORT CHARLOTTE,33948
18634 ACKERMAN AVE,PORT CHARLOTTE,33948
18638 ACKERMAN AVE,PORT CHARLOTTE,33948
18640 ACKERMAN AVE,PORT CHARLOTTE,33948
18646 ACKERMAN AVE,PORT CHARLOTTE,33948
18654 ACKERMAN AVE,PORT CHARLOTTE,33948
18663 ACKERMAN AVE,PORT CHARLOTTE,33948
18670 ACKERMAN AVE,PORT CHARLOTTE,33948
18677 ACKERMAN AVE,PORT CHARLOTTE,33948
18687 ACKERMAN AVE,PORT CHARLOTTE,33948
18694 ACKERMAN AVE,PORT CHARLOTTE,33948
18702 ACKERMAN AVE,PORT CHARLOTTE,33948
18710 ACKERMAN AVE,PORT CHARLOTTE,33948
18718 ACKERMAN AVE,PORT CHARLOTTE,33948
18726 ACKERMAN AVE,PORT CHARLOTTE,33948
18731 ACKERMAN AVE,PORT CHARLOTTE,33948
18734 ACKERMAN AVE,PORT CHARLOTTE,33948
18735 ACKERMAN AVE,PORT CHARLOTTE,33948
18742 ACKERMAN AVE,PORT CHARLOTTE,33948
18749 ACKERMAN AVE,PORT CHARLOTTE,33948
18750 ACKERMAN AVE,PORT CHARLOTTE,33948
18758 ACKERMAN AVE,PORT CHARLOTTE,33948
18766 ACKERMAN AVE,PORT CHARLOTTE,33948
18770 ACKERMAN AVE,PORT CHARLOTTE,33948
18774 ACKERMAN AVE,PORT CHARLOTTE,33948
18782 ACKERMAN AVE,PORT CHARLOTTE,33948
18790 ACKERMAN AVE,PORT CHARLOTTE,33948
18791 ACKERMAN AVE,PORT CHARLOTTE,33948
18806 ACKERMAN AVE,PORT CHARLOTTE,33948
18814 ACKERMAN AVE,PORT CHARLOTTE,33948
18822 ACKERMAN AVE,PORT CHARLOTTE,33948
18826 ACKERMAN AVE,PORT CHARLOTTE,33948
18830 ACKERMAN AVE,PORT CHARLOTTE,33948
18838 ACKERMAN AVE,PORT CHARLOTTE,33948
18846 ACKERMAN AVE,PORT CHARLOTTE,33948
18854 ACKERMAN AVE,PORT CHARLOTTE,33948
18862 ACKERMAN AVE,PORT CHARLOTTE,33948
18870 ACKERMAN AVE,PORT CHARLOTTE,33948
18874 ACKERMAN AVE,PORT CHARLOTTE,33948
18878 ACKERMAN AVE,PORT CHARLOTTE,33948
18879 ACKERMAN AVE,PORT CHARLOTTE,33948
18882 ACKERMAN AVE,PORT CHARLOTTE,33948
18886 ACKERMAN AVE,PORT CHARLOTTE,33948
18894 ACKERMAN AVE,PORT CHARLOTTE,33948
18895 ACKERMAN AVE,PORT CHARLOTTE,33948
18899 ACKERMAN AVE,PORT CHARLOTTE,33948
5029 ACKLEY TER,PORT CHARLOTTE,33981
5030 ACKLEY TER,PORT CHARLOTTE,33981
5039 ACKLEY TER,PORT CHARLOTTE,33981
5040 ACKLEY TER,PORT CHARLOTTE,33981
5044 ACKLEY TER,PORT CHARLOTTE,33981
5049 ACKLEY TER,PORT CHARLOTTE,33981
5050 ACKLEY TER,PORT CHARLOTTE,33981
5057 ACKLEY TER,PORT CHARLOTTE,33981
5058 ACKLEY TER,PORT CHARLOTTE,33981
5065 ACKLEY TER,PORT CHARLOTTE,33981
5066 ACKLEY TER,PORT CHARLOTTE,33981
5073 ACKLEY TER,PORT CHARLOTTE,33981
5074 ACKLEY TER,PORT CHARLOTTE,33981
5081 ACKLEY TER,PORT CHARLOTTE,33981
5082 ACKLEY TER,PORT CHARLOTTE,33981
5089 ACKLEY TER,PORT CHARLOTTE,33981
5090 ACKLEY TER,PORT CHARLOTTE,33981
5097 ACKLEY TER,PORT CHARLOTTE,33981
5098 ACKLEY TER,PORT CHARLOTTE,33981
5101 ACKLEY TER,PORT CHARLOTTE,33981
5105 ACKLEY TER,PORT CHARLOTTE,33981
5106 ACKLEY TER,PORT CHARLOTTE,33981
5800 ACLA VISTA DR,PUNTA GORDA,33950
5801 ACLA VISTA DR,PUNTA GORDA,33950
5808 ACLA VISTA DR,PUNTA GORDA,33950
5816 ACLA VISTA DR,PUNTA GORDA,33950
5817 ACLA VISTA DR,PUNTA GORDA,33950
5820 ACLA VISTA DR,PUNTA GORDA,33950
5825 ACLA VISTA DR,PUNTA GORDA,33950
5830 ACLA VISTA DR,PUNTA GORDA,33950
5835 ACLA VISTA DR,PUNTA GORDA,33950
5840 ACLA VISTA DR,PUNTA GORDA,33950
5845 ACLA VISTA DR,PUNTA GORDA,33950
5900 ACLA VISTA DR,PUNTA GORDA,33950
5901 ACLA VISTA DR,PUNTA GORDA,33950
5911 ACLA VISTA DR,PUNTA GORDA,33950
5912 ACLA VISTA DR,PUNTA GORDA,33950
5924 ACLA VISTA DR,PUNTA GORDA,33950
5936 ACLA VISTA DR,PUNTA GORDA,33950
5947 ACLA VISTA DR,PUNTA GORDA,33950
5974 ACLA VISTA DR,PUNTA GORDA,33950
2601 ACLINE RD,PUNTA GORDA,33955
2800 ACLINE RD,PUNTA GORDA,33950
2900 ACLINE RD,PUNTA GORDA,33950
2910 ACLINE RD,PUNTA GORDA,33950
2920 ACLINE RD,PUNTA GORDA,33950
2930 ACLINE RD,PUNTA GORDA,33950
3000 ACLINE RD,PUNTA GORDA,33950
3220 ACLINE RD,PUNTA GORDA,33950
3300 ACLINE RD,PUNTA GORDA,33950
3314 ACLINE RD,PUNTA GORDA,33950
3333 ACLINE RD,PUNTA GORDA,33950
3606 ACLINE RD,PUNTA GORDA,33950
3608 ACLINE RD,PUNTA GORDA,33950
3620 ACLINE RD,PUNTA GORDA,33950
3640 ACLINE RD,PUNTA GORDA,33950
3650 ACLINE RD,PUNTA GORDA,33950
3670 ACLINE RD,PUNTA GORDA,33950
3700 ACLINE RD,PUNTA GORDA,33950
3769 ACLINE RD,PUNTA GORDA,33950
3800 ACLINE RD,PUNTA GORDA,33950
3849 ACLINE RD,PUNTA GORDA,33950
3850 ACLINE RD,PUNTA GORDA,33950
3853 ACLINE RD,PUNTA GORDA,33950
3857 ACLINE RD,PUNTA GORDA,33950
3899 ACLINE RD,PUNTA GORDA,33950
3900 ACLINE RD,PUNTA GORDA,33950
3950 ACLINE RD,PUNTA GORDA,33950
6041 ACORN BLVD,PUNTA GORDA,33982
6104 ACORN BLVD,PUNTA GORDA,33982
6105 ACORN BLVD,PUNTA GORDA,33982
6120 ACORN BLVD,PUNTA GORDA,33982
6136 ACORN BLVD,PUNTA GORDA,33982
6137 ACORN BLVD,PUNTA GORDA,33982
6141 ACORN BLVD,PUNTA GORDA,33982
6155 ACORN BLVD,PUNTA GORDA,33982
6170 ACORN BLVD,PUNTA GORDA,33982
6171 ACORN BLVD,PUNTA GORDA,33982
6186 ACORN BLVD,PUNTA GORDA,33982
6187 ACORN BLVD,PUNTA GORDA,33982
6203 ACORN BLVD,PUNTA GORDA,33982
6219 ACORN BLVD,PUNTA GORDA,33982
6277 ACORN BLVD,PUNTA GORDA,33982
6293 ACORN BLVD,PUNTA GORDA,33982
6297 ACORN BLVD,PUNTA GORDA,33982
6309 ACORN BLVD,PUNTA GORDA,33982
6317 ACORN BLVD,PUNTA GORDA,33982
6319 ACORN BLVD,PUNTA GORDA,33982
6325 ACORN BLVD,PUNTA GORDA,33982
6337 ACORN BLVD,PUNTA GORDA,33982
6341 ACORN BLVD,PUNTA GORDA,33982
6357 ACORN BLVD,PUNTA GORDA,33982
6373 ACORN BLVD,PUNTA GORDA,33982
6389 ACORN BLVD,PUNTA GORDA,33982
6404 ACORN BLVD,PUNTA GORDA,33982
6405 ACORN BLVD,PUNTA GORDA,33982
6420 ACORN BLVD,PUNTA GORDA,33982
6436 ACORN BLVD,PUNTA GORDA,33982
6437 ACORN BLVD,PUNTA GORDA,33982
6452 ACORN BLVD,PUNTA GORDA,33982
6468 ACORN BLVD,PUNTA GORDA,33982
6469 ACORN BLVD,PUNTA GORDA,33982
6472 ACORN BLVD,PUNTA GORDA,33982
6484 ACORN BLVD,PUNTA GORDA,33982
7007 ACORN BLVD,PUNTA GORDA,33982
7008 ACORN BLVD,PUNTA GORDA,33982
7041 ACORN BLVD,PUNTA GORDA,33982
7042 ACORN BLVD,PUNTA GORDA,33982
7057 ACORN BLVD,PUNTA GORDA,33982
7058 ACORN BLVD,PUNTA GORDA,33982
7073 ACORN BLVD,PUNTA GORDA,33982
7074 ACORN BLVD,PUNTA GORDA,33982
7077 ACORN BLVD,PUNTA GORDA,33982
7108 ACORN BLVD,PUNTA GORDA,33982
7158 ACORN BLVD,PUNTA GORDA,33982
7174 ACORN BLVD,PUNTA GORDA,33982
7207 ACORN BLVD,PUNTA GORDA,33982
7208 ACORN BLVD,PUNTA GORDA,33982
7242 ACORN BLVD,PUNTA GORDA,33982
7258 ACORN BLVD,PUNTA GORDA,33982
7274 ACORN BLVD,PUNTA GORDA,33982
7307 ACORN BLVD,PUNTA GORDA,33982
7324 ACORN BLVD,PUNTA GORDA,33982
7337 ACORN BLVD,PUNTA GORDA,33982
7347 ACORN BLVD,PUNTA GORDA,33982
7357 ACORN BLVD,PUNTA GORDA,33982
7373 ACORN BLVD,PUNTA GORDA,33982
7391 ACORN BLVD,PUNTA GORDA,33982
7424 ACORN BLVD,PUNTA GORDA,33982
7442 ACORN BLVD,PUNTA GORDA,33982
7448 ACORN BLVD,PUNTA GORDA,33982
7458 ACORN BLVD,PUNTA GORDA,33982
7492 ACORN BLVD,PUNTA GORDA,33982
8108 ACORN BLVD,PUNTA GORDA,33982
8123 ACORN BLVD,PUNTA GORDA,33982
8139 ACORN BLVD,PUNTA GORDA,33982
8140 ACORN BLVD,PUNTA GORDA,33982
8157 ACORN BLVD,PUNTA GORDA,33982
8173 ACORN BLVD,PUNTA GORDA,33982
8174 ACORN BLVD,PUNTA GORDA,33982
8207 ACORN BLVD,PUNTA GORDA,33982
8223 ACORN BLVD,PUNTA GORDA,33982
8249 ACORN BLVD,PUNTA GORDA,33982
8295 ACORN BLVD,PUNTA GORDA,33982
8411 ACORN BLVD,PUNTA GORDA,33982
8412 ACORN BLVD,PUNTA GORDA,33982
8426 ACORN BLVD,PUNTA GORDA,33982
8430 ACORN BLVD,PUNTA GORDA,33982
8445 ACORN BLVD,PUNTA GORDA,33982
8446 ACORN BLVD,PUNTA GORDA,33982
8462 ACORN BLVD,PUNTA GORDA,33982
8479 ACORN BLVD,PUNTA GORDA,33982
8484 ACORN BLVD,PUNTA GORDA,33982
8488 ACORN BLVD,PUNTA GORDA,33982
8494 ACORN BLVD,PUNTA GORDA,33982
8495 ACORN BLVD,PUNTA GORDA,33982
8512 ACORN BLVD,PUNTA GORDA,33982
8530 ACORN BLVD,PUNTA GORDA,33982
9009 ACORN BLVD,PUNTA GORDA,33982
9025 ACORN BLVD,PUNTA GORDA,33982
9041 ACORN BLVD,PUNTA GORDA,33982
9042 ACORN BLVD,PUNTA GORDA,33982
9045 ACORN BLVD,PUNTA GORDA,33982
9059 ACORN BLVD,PUNTA GORDA,33982
9060 ACORN BLVD,PUNTA GORDA,33982
9076 ACORN BLVD,PUNTA GORDA,33982
9082 ACORN BLVD,PUNTA GORDA,33982
9109 ACORN BLVD,PUNTA GORDA,33982
9110 ACORN BLVD,PUNTA GORDA,33982
9141 ACORN BLVD,PUNTA GORDA,33982
9160 ACORN BLVD,PUNTA GORDA,33982
9175 ACORN BLVD,PUNTA GORDA,33982
9191 ACORN BLVD,PUNTA GORDA,33982
9192 ACORN BLVD,PUNTA GORDA,33982
9210 ACORN BLVD,PUNTA GORDA,33982
9225 ACORN BLVD,PUNTA GORDA,33982
9226 ACORN BLVD,PUNTA GORDA,33982
9242 ACORN BLVD,PUNTA GORDA,33982
9259 ACORN BLVD,PUNTA GORDA,33982
9260 ACORN BLVD,PUNTA GORDA,33982
15011 ACORN CIR,PORT CHARLOTTE,33981
15020 ACORN CIR,PORT CHARLOTTE,33981
15021 ACORN CIR,PORT CHARLOTTE,33981
15028 ACORN CIR,PORT CHARLOTTE,33981
15029 ACORN CIR,PORT CHARLOTTE,33981
15036 ACORN CIR,PORT CHARLOTTE,33981
15037 ACORN CIR,PORT CHARLOTTE,33981
15044 ACORN CIR,PORT CHARLOTTE,33981
15045 ACORN CIR,PORT CHARLOTTE,33981
15053 ACORN CIR,PORT CHARLOTTE,33981
15056 ACORN CIR,PORT CHARLOTTE,33981
15061 ACORN CIR,PORT CHARLOTTE,33981
15068 ACORN CIR,PORT CHARLOTTE,33981
15076 ACORN CIR,PORT CHARLOTTE,33981
15077 ACORN CIR,PORT CHARLOTTE,33981
15084 ACORN CIR,PORT CHARLOTTE,33981
15085 ACORN CIR,PORT CHARLOTTE,33981
15092 ACORN CIR,PORT CHARLOTTE,33981
15093 ACORN CIR,PORT CHARLOTTE,33981
15100 ACORN CIR,PORT CHARLOTTE,33981
15108 ACORN CIR,PORT CHARLOTTE,33981
15116 ACORN CIR,PORT CHARLOTTE,33981
15117 ACORN CIR,PORT CHARLOTTE,33981
15124 ACORN CIR,PORT CHARLOTTE,33981
15132 ACORN CIR,PORT CHARLOTTE,33981
15140 ACORN CIR,PORT CHARLOTTE,33981
15148 ACORN CIR,PORT CHARLOTTE,33981
15164 ACORN CIR,PORT CHARLOTTE,33981
15172 ACORN CIR,PORT CHARLOTTE,33981
15176 ACORN CIR,PORT CHARLOTTE,33981
15188 ACORN CIR,PORT CHARLOTTE,33981
15196 ACORN CIR,PORT CHARLOTTE,33981
15204 ACORN CIR,PORT CHARLOTTE,33981
15205 ACORN CIR,PORT CHARLOTTE,33981
15212 ACORN CIR,PORT CHARLOTTE,33981
15229 ACORN CIR,PORT CHARLOTTE,33981
15236 ACORN CIR,PORT CHARLOTTE,33981
15237 ACORN CIR,PORT CHARLOTTE,33981
15245 ACORN CIR,PORT CHARLOTTE,33981
15252 ACORN CIR,PORT CHARLOTTE,33981
15253 ACORN CIR,PORT CHARLOTTE,33981
15261 ACORN CIR,PORT CHARLOTTE,33981
15268 ACORN CIR,PORT CHARLOTTE,33981
15269 ACORN CIR,PORT CHARLOTTE,33981
15276 ACORN CIR,PORT CHARLOTTE,33981
15277 ACORN CIR,PORT CHARLOTTE,33981
15284 ACORN CIR,PORT CHARLOTTE,33981
15285 ACORN CIR,PORT CHARLOTTE,33981
15293 ACORN CIR,PORT CHARLOTTE,33981
15308 ACORN CIR,PORT CHARLOTTE,33981
15309 ACORN CIR,PORT CHARLOTTE,33981
15316 ACORN CIR,PORT CHARLOTTE,33981
15319 ACORN CIR,PORT CHARLOTTE,33981
15324 ACORN CIR,PORT CHARLOTTE,33981
15332 ACORN CIR,PORT CHARLOTTE,33981
15335 ACORN CIR,PORT CHARLOTTE,33981
15340 ACORN CIR,PORT CHARLOTTE,33981
15343 ACORN CIR,PORT CHARLOTTE,33981
15348 ACORN CIR,PORT CHARLOTTE,33981
15351 ACORN CIR,PORT CHARLOTTE,33981
15356 ACORN CIR,PORT CHARLOTTE,33981
15359 ACORN CIR,PORT CHARLOTTE,33981
15364 ACORN CIR,PORT CHARLOTTE,33981
15367 ACORN CIR,PORT CHARLOTTE,33981
15374 ACORN CIR,PORT CHARLOTTE,33981
15375 ACORN CIR,PORT CHARLOTTE,33981
10193 ACORN TRL,PUNTA GORDA,33950
10201 ACORN TRL,PUNTA GORDA,33950
10209 ACORN TRL,PUNTA GORDA,33950
10210 ACORN TRL,PUNTA GORDA,33950
10217 ACORN TRL,PUNTA GORDA,33950
10218 ACORN TRL,PUNTA GORDA,33950
10225 ACORN TRL,PUNTA GORDA,33950
10226 ACORN TRL,PUNTA GORDA,33950
10233 ACORN TRL,PUNTA GORDA,33950
10234 ACORN TRL,PUNTA GORDA,33950
10241 ACORN TRL,PUNTA GORDA,33950
10242 ACORN TRL,PUNTA GORDA,33950
10249 ACORN TRL,PUNTA GORDA,33950
10250 ACORN TRL,PUNTA GORDA,33950
5161 ACORN RANCH RD,PUNTA GORDA,33982
5500 ACORN RANCH RD,PUNTA GORDA,33982
5640 ACORN RANCH RD,PUNTA GORDA,33982
5650 ACORN RANCH RD,PUNTA GORDA,33982
5800 ACORN RANCH RD,PUNTA GORDA,33982
5801 ACORN RANCH RD,PUNTA GORDA,33982
5811 ACORN RANCH RD,PUNTA GORDA,33982
8307 ADA ST,PORT CHARLOTTE,33981
8315 ADA ST,PORT CHARLOTTE,33981
8323 ADA ST,PORT CHARLOTTE,33981
8331 ADA ST,PORT CHARLOTTE,33981
8339 ADA ST,PORT CHARLOTTE,33981
8347 ADA ST,PORT CHARLOTTE,33981
8355 ADA ST,PORT CHARLOTTE,33981
8363 ADA ST,PORT CHARLOTTE,33981
8371 ADA ST,PORT CHARLOTTE,33981
8379 ADA ST,PORT CHARLOTTE,33981
8387 ADA ST,PORT CHARLOTTE,33981
8395 ADA ST,PORT CHARLOTTE,33981
8412 ADA ST,PORT CHARLOTTE,33981
328 ADAIR ST,PORT CHARLOTTE,33954
336 ADAIR ST,PORT CHARLOTTE,33954
344 ADAIR ST,PORT CHARLOTTE,33954
352 ADAIR ST,PORT CHARLOTTE,33954
360 ADAIR ST,PORT CHARLOTTE,33954
368 ADAIR ST,PORT CHARLOTTE,33954
376 ADAIR ST,PORT CHARLOTTE,33954
384 ADAIR ST,PORT CHARLOTTE,33954
392 ADAIR ST,PORT CHARLOTTE,33954
2 ADALIA TER,PORT CHARLOTTE,33954
6 ADALIA TER,PORT CHARLOTTE,33954
83 ADALIA TER,PORT CHARLOTTE,33954
91 ADALIA TER,PORT CHARLOTTE,33954
96 ADALIA TER,PORT CHARLOTTE,33954
99 ADALIA TER,PORT CHARLOTTE,33954
107 ADALIA TER,PORT CHARLOTTE,33954
115 ADALIA TER,PORT CHARLOTTE,33954
123 ADALIA TER,PORT CHARLOTTE,33954
131 ADALIA TER,PORT CHARLOTTE,33954
139 ADALIA TER,PORT CHARLOTTE,33954
147 ADALIA TER,PORT CHARLOTTE,33954
155 ADALIA TER,PORT CHARLOTTE,33954
163 ADALIA TER,PORT CHARLOTTE,33954
166 ADALIA TER,PORT CHARLOTTE,33954
176 ADALIA TER,PORT CHARLOTTE,33954
186 ADALIA TER,PORT CHARLOTTE,33954
196 ADALIA TER,PORT CHARLOTTE,33954
265 ADALIA TER,PORT CHARLOTTE,33953
277 ADALIA TER,PORT CHARLOTTE,33953
285 ADALIA TER,PORT CHARLOTTE,33953
293 ADALIA TER,PORT CHARLOTTE,33953
301 ADALIA TER,PORT CHARLOTTE,33953
309 ADALIA TER,PORT CHARLOTTE,33953
317 ADALIA TER,PORT CHARLOTTE,33953
325 ADALIA TER,PORT CHARLOTTE,33953
326 ADALIA TER,PORT CHARLOTTE,33953
328 ADALIA TER,PORT CHARLOTTE,33953
333 ADALIA TER,PORT CHARLOTTE,33953
341 ADALIA TER,PORT CHARLOTTE,33953
349 ADALIA TER,PORT CHARLOTTE,33953
359 ADALIA TER,PORT CHARLOTTE,33953
366 ADALIA TER,PORT CHARLOTTE,33953
369 ADALIA TER,PORT CHARLOTTE,33953
377 ADALIA TER,PORT CHARLOTTE,33953
383 ADALIA TER,PORT CHARLOTTE,33953
384 ADALIA TER,PORT CHARLOTTE,33953
385 ADALIA TER,PORT CHARLOTTE,33953
392 ADALIA TER,PORT CHARLOTTE,33953
400 ADALIA TER,PORT CHARLOTTE,33953
402 ADALIA TER,PORT CHARLOTTE,33953
408 ADALIA TER,PORT CHARLOTTE,33953
416 ADALIA TER,PORT CHARLOTTE,33953
424 ADALIA TER,PORT CHARLOTTE,33953
425 ADALIA TER,PORT CHARLOTTE,33953
432 ADALIA TER,PORT CHARLOTTE,33953
440 ADALIA TER,PORT CHARLOTTE,33953
445 ADALIA TER,PORT CHARLOTTE,33953
448 ADALIA TER,PORT CHARLOTTE,33953
456 ADALIA TER,PORT CHARLOTTE,33953
472 ADALIA TER,PORT CHARLOTTE,33953
480 ADALIA TER,PORT CHARLOTTE,33953
488 ADALIA TER,PORT CHARLOTTE,33953
498 ADALIA TER,PORT CHARLOTTE,33953
507 ADALIA TER,PORT CHARLOTTE,33953
517 ADALIA TER,PORT CHARLOTTE,33953
525 ADALIA TER,PORT CHARLOTTE,33953
533 ADALIA TER,PORT CHARLOTTE,33953
541 ADALIA TER,PORT CHARLOTTE,33953
549 ADALIA TER,PORT CHARLOTTE,33953
557 ADALIA TER,PORT CHARLOTTE,33953
565 ADALIA TER,PORT CHARLOTTE,33953
573 ADALIA TER,PORT CHARLOTTE,33953
581 ADALIA TER,PORT CHARLOTTE,33953
589 ADALIA TER,PORT CHARLOTTE,33953
1009 ADALIA TER,PORT CHARLOTTE,33953
1019 ADALIA TER,PORT CHARLOTTE,33953
1027 ADALIA TER,PORT CHARLOTTE,33953
1035 ADALIA TER,PORT CHARLOTTE,33953
1043 ADALIA TER,PORT CHARLOTTE,33953
1051 ADALIA TER,PORT CHARLOTTE,33953
1067 ADALIA TER,PORT CHARLOTTE,33953
1069 ADALIA TER,PORT CHARLOTTE,33953
1075 ADALIA TER,PORT CHARLOTTE,33953
1083 ADALIA TER,PORT CHARLOTTE,33953
1091 ADALIA TER,PORT CHARLOTTE,33953
1099 ADALIA TER,PORT CHARLOTTE,33953
1104 ADALIA TER,PORT CHARLOTTE,33953
1112 ADALIA TER,PORT CHARLOTTE,33953
1119 ADALIA TER,PORT CHARLOTTE,33953
1120 ADALIA TER,PORT CHARLOTTE,33953
1128 ADALIA TER,PORT CHARLOTTE,33953
1145 ADALIA TER,PORT CHARLOTTE,33953
1152 ADALIA TER,PORT CHARLOTTE,33953
1160 ADALIA TER,PORT CHARLOTTE,33953
1168 ADALIA TER,PORT CHARLOTTE,33953
1169 ADALIA TER,PORT CHARLOTTE,33953
1176 ADALIA TER,PORT CHARLOTTE,33953
1184 ADALIA TER,PORT CHARLOTTE,33953
1199 ADALIA TER,PORT CHARLOTTE,33953
1300 ADALIA TER,PORT CHARLOTTE,33953
1308 ADALIA TER,PORT CHARLOTTE,33953
1316 ADALIA TER,PORT CHARLOTTE,33953
1324 ADALIA TER,PORT CHARLOTTE,33953
1332 ADALIA TER,PORT CHARLOTTE,33953
1340 ADALIA TER,PORT CHARLOTTE,33953
1360 ADALIA TER,PORT CHARLOTTE,33953
1368 ADALIA TER,PORT CHARLOTTE,33953
1376 ADALIA TER,PORT CHARLOTTE,33953
1384 ADALIA TER,PORT CHARLOTTE,33953
1392 ADALIA TER,PORT CHARLOTTE,33953
1400 ADALIA TER,PORT CHARLOTTE,33953
1408 ADALIA TER,PORT CHARLOTTE,33953
1412 ADALIA TER,PORT CHARLOTTE,33953
1416 ADALIA TER,PORT CHARLOTTE,33953
1424 ADALIA TER,PORT CHARLOTTE,33953
1432 ADALIA TER,PORT CHARLOTTE,33953
1440 ADALIA TER,PORT CHARLOTTE,33953
1448 ADALIA TER,PORT CHARLOTTE,33953
1456 ADALIA TER,PORT CHARLOTTE,33953
1486 ADALIA TER,PORT CHARLOTTE,33953
1494 ADALIA TER,PORT CHARLOTTE,33953
1502 ADALIA TER,PORT CHARLOTTE,33953
1518 ADALIA TER,PORT CHARLOTTE,33953
1544 ADALIA TER,PORT CHARLOTTE,33953
1552 ADALIA TER,PORT CHARLOTTE,33953
1568 ADALIA TER,PORT CHARLOTTE,33953
1576 ADALIA TER,PORT CHARLOTTE,33953
1580 ADALIA TER,PORT CHARLOTTE,33953
1584 ADALIA TER,PORT CHARLOTTE,33953
1592 ADALIA TER,PORT CHARLOTTE,33953
1601 ADALIA TER,PORT CHARLOTTE,33953
1609 ADALIA TER,PORT CHARLOTTE,33953
1617 ADALIA TER,PORT CHARLOTTE,33953
1625 ADALIA TER,PORT CHARLOTTE,33953
1633 ADALIA TER,PORT CHARLOTTE,33953
1641 ADALIA TER,PORT CHARLOTTE,33953
1649 ADALIA TER,PORT CHARLOTTE,33953
125 ADAMS CT,PORT CHARLOTTE,33952
127 ADAMS CT,PORT CHARLOTTE,33952
129 ADAMS CT,PORT CHARLOTTE,33952
130 ADAMS CT,PORT CHARLOTTE,33952
131 ADAMS CT,PORT CHARLOTTE,33952
132 ADAMS CT,PORT CHARLOTTE,33952
133 ADAMS CT,PORT CHARLOTTE,33952
135 ADAMS CT,PORT CHARLOTTE,33952
139 ADAMS CT,PORT CHARLOTTE,33952
400 ADAMS CT,PORT CHARLOTTE,33952
410 ADAMS CT,PORT CHARLOTTE,33952
420 ADAMS CT,PORT CHARLOTTE,33952
421 ADAMS CT,PORT CHARLOTTE,33952
423 ADAMS CT,PORT CHARLOTTE,33952
430 ADAMS CT,PORT CHARLOTTE,33952
431 ADAMS CT,PORT CHARLOTTE,33952
436 ADAMS CT,PORT CHARLOTTE,33952
440 ADAMS CT,PORT CHARLOTTE,33952
450 ADAMS CT,PORT CHARLOTTE,33952
451 ADAMS CT,PORT CHARLOTTE,33952
460 ADAMS CT,PORT CHARLOTTE,33952
27036 ADAMS ST,PUNTA GORDA,33983
27046 ADAMS ST,PUNTA GORDA,33983
27058 ADAMS ST,PUNTA GORDA,33983
27070 ADAMS ST,PUNTA GORDA,33983
27082 ADAMS ST,PUNTA GORDA,33983
27084 ADAMS ST,PUNTA GORDA,33983
27090 ADAMS ST,PUNTA GORDA,33983
27098 ADAMS ST,PUNTA GORDA,33983
27103 ADAMS ST,PUNTA GORDA,33983
27106 ADAMS ST,PUNTA GORDA,33983
27107 ADAMS ST,PUNTA GORDA,33983
27113 ADAMS ST,PUNTA GORDA,33983
27114 ADAMS ST,PUNTA GORDA,33983
27122 ADAMS ST,PUNTA GORDA,33983
27131 ADAMS ST,PUNTA GORDA,33983
27134 ADAMS ST,PUNTA GORDA,33983
27158 ADAMS ST,PUNTA GORDA,33983
27166 ADAMS ST,PUNTA GORDA,33983
27171 ADAMS ST,PUNTA GORDA,33983
27178 ADAMS ST,PUNTA GORDA,33983
27179 ADAMS ST,PUNTA GORDA,33983
27186 ADAMS ST,PUNTA GORDA,33983
27187 ADAMS ST,PUNTA GORDA,33983
27195 ADAMS ST,PUNTA GORDA,33983
27207 ADAMS ST,PUNTA GORDA,33983
27219 ADAMS ST,PUNTA GORDA,33983
27227 ADAMS ST,PUNTA GORDA,33983
27230 ADAMS ST,PUNTA GORDA,33983
27231 ADAMS ST,PUNTA GORDA,33983
27235 ADAMS ST,PUNTA GORDA,33983
27239 ADAMS ST,PUNTA GORDA,33983
27242 ADAMS ST,PUNTA GORDA,33983
27243 ADAMS ST,PUNTA GORDA,33983
27247 ADAMS ST,PUNTA GORDA,33983
27250 ADAMS ST,PUNTA GORDA,33983
27251 ADAMS ST,PUNTA GORDA,33983
27253 ADAMS ST,PUNTA GORDA,33983
27255 ADAMS ST,PUNTA GORDA,33983
27258 ADAMS ST,PUNTA GORDA,33983
27259 ADAMS ST,PUNTA GORDA,33983
27263 ADAMS ST,PUNTA GORDA,33983
27278 ADAMS ST,PUNTA GORDA,33983
27283 ADAMS ST,PUNTA GORDA,33983
7301 ADANA AVE,PORT CHARLOTTE,33981
7305 ADANA AVE,PORT CHARLOTTE,33981
7309 ADANA AVE,PORT CHARLOTTE,33981
7313 ADANA AVE,PORT CHARLOTTE,33981
7317 ADANA AVE,PORT CHARLOTTE,33981
7321 ADANA AVE,PORT CHARLOTTE,33981
7325 ADANA AVE,PORT CHARLOTTE,33981
7329 ADANA AVE,PORT CHARLOTTE,33981
7333 ADANA AVE,PORT CHARLOTTE,33981
7337 ADANA AVE,PORT CHARLOTTE,33981
7341 ADANA AVE,PORT CHARLOTTE,33981
7344 ADANA AVE,PORT CHARLOTTE,33981
7345 ADANA AVE,PORT CHARLOTTE,33981
7348 ADANA AVE,PORT CHARLOTTE,33981
7349 ADANA AVE,PORT CHARLOTTE,33981
7352 ADANA AVE,PORT CHARLOTTE,33981
7353 ADANA AVE,PORT CHARLOTTE,33981
7356 ADANA AVE,PORT CHARLOTTE,33981
7357 ADANA AVE,PORT CHARLOTTE,33981
7360 ADANA AVE,PORT CHARLOTTE,33981
7361 ADANA AVE,PORT CHARLOTTE,33981
7380 ADANA AVE,PORT CHARLOTTE,33981
15250 ADDAX AVE,PORT CHARLOTTE,33981
15258 ADDAX AVE,PORT CHARLOTTE,33981
15274 ADDAX AVE,PORT CHARLOTTE,33981
15282 ADDAX AVE,PORT CHARLOTTE,33981
15290 ADDAX AVE,PORT CHARLOTTE,33981
15298 ADDAX AVE,PORT CHARLOTTE,33981
15330 ADDAX AVE,PORT CHARLOTTE,33981
15338 ADDAX AVE,PORT CHARLOTTE,33981
15346 ADDAX AVE,PORT CHARLOTTE,33981
15354 ADDAX AVE,PORT CHARLOTTE,33981
15362 ADDAX AVE,PORT CHARLOTTE,33981
15370 ADDAX AVE,PORT CHARLOTTE,33981
15378 ADDAX AVE,PORT CHARLOTTE,33981
15386 ADDAX AVE,PORT CHARLOTTE,33981
15394 ADDAX AVE,PORT CHARLOTTE,33981
15402 ADDAX AVE,PORT CHARLOTTE,33981
15410 ADDAX AVE,PORT CHARLOTTE,33981
6912 ADDERLY RD,ENGLEWOOD,34224
6919 ADDERLY RD,ENGLEWOOD,34224
6920 ADDERLY RD,ENGLEWOOD,34224
6927 ADDERLY RD,ENGLEWOOD,34224
6928 ADDERLY RD,ENGLEWOOD,34224
6936 ADDERLY RD,ENGLEWOOD,34224
6939 ADDERLY RD,ENGLEWOOD,34224
6943 ADDERLY RD,ENGLEWOOD,34224
6944 ADDERLY RD,ENGLEWOOD,34224
6952 ADDERLY RD,ENGLEWOOD,34224
6959 ADDERLY RD,ENGLEWOOD,34224
6960 ADDERLY RD,ENGLEWOOD,34224
